{
    "classified-material": "Data classified based on relevant government authorities.",
    "communication": "Communication records including emails, chats and instant messages.",
    "credentials-admin": "Administrative credential data.",
    "credentials-user": "User credential data.",
    "financial": "Financial records including purchasing activity and planned activities.",
    "legal": "Legal records that are not yet public including contracts under negotiation and documents protected under legal privilege.",
    "payment": "Payment information.",
    "phi": "Protected Health Information.",
    "pii": "Personally Identifiable Information.",
    "proprietary": "Proprietary information e.g., intellectual property.",
    "system": "Information necessary to keep a system operational. The destruction or encryption of this data can cause availability impacts."
}