{
    "blocked": "The incident had no or minimal impact due to pre-emptive measures including rate limiting or spam filters.",
    "confirmed": "An incident has been determined to have caused at least some harm or violated a policy.",
    "failed-attempt": "The incident had no or minimal impact but not due to any affirmative defense for example a password guesser failed but was also not rate limited.",
    "false-positive": "An incident was determined to have been triggered by a false alert and no action including automatically performed automated actions were needed to remediate the issue. This should not be used when an incident was flagged correctly, but is of no importance. For findings of that nature low-value should be used.",
    "suspected": "An incident is suspected, but not yet confirmed."
}