[
    {"source":["incident"], "relationship_types": "led-to", "target":["incident"], "description":"One incident led to another."},
    {"source":["incident"], "relationship_types": "impacts", "target":["identity", "infrastructure"], "description":"An incident has an impact on the victim or specific infrastructure."},
    {"source":["incident"], "relationship_types": "attributed-to", "target":["intrusion-set", "threat-actor"], "description":"The incident has been attributed to the intrusion set or threat actor."},
    {"source":["incident"], "relationship_types": "targets", "target":["identity", "infrastructure"], "description":"An incident was targeted at the victim or specific infrastructure."},
    {"source":["incident"], "relationship_types": "located-at", "target":["location"], "description":"The incident occurred at a specific location or locations."},
    {"source":["campaign"], "relationship_types": "associated-with", "target":["incident"], "description":"The incident in question is part of the campaign that is associated with"},
    {"source":["identity"], "relationship_types": "contact-for", "target":["incident"], "description":"An identity should be considered a point of contact for an incident. This can be used to supplement the created_by_ref in cases where external authorship would prevent using it for this purpose."},
    {"source":["indicator"], "relationship_types": "", "target":["incident"], "description":"An indicator was responsible for detecting the incident."},
    {"source":["event"], "relationship_types": "led-to", "target":["event"], "description":"One event led to another. For example a dropper running allowed a ransomware tool to be downloaded and run."},
    {"source":["event"], "relationship_types": "impacts", "target":["infrastructure", "_observable"], "description":"An event has an impact on specific infrastructure."},
    {"source":["event"], "relationship_types": "located-at", "target":["location"], "description":"The event occurred at a specific location or locations."},
    {"source":["event"], "relationship_types": "observed", "target":["_observable"], "description":"STIX cyber-observables were observed as part of this event, but no information on when they are observed is being shared. If this can be shared a Sighting it should be instead of using this method."},
    {"source":["indicator"], "relationship_types": "based-on", "target":["event"], "description":"An indicator is based on an event."},
    {"source":["malware"], "relationship_types": "performed", "target":["event"], "description":"Malware performed a specific event."},
    {"source":["tool"], "relationship_types": "performed", "target":["event"], "description":"A tool performed a specific event."},
    {"source":["task"], "relationship_types": "uses", "target":["course-of-action"], "description":"An task uses a particular course of action."},
    {"source":["task"], "relationship_types": "blocks", "target":["event"], "description":"A task was performed to block a potential event."},
    {"source":["task"], "relationship_types": "causes", "target":["event"], "description":"A task was performed that caused an event, usually due to an error."},
    {"source":["task"], "relationship_types": "detects", "target":["event"], "description":"A task was used to detect an event."},
    {"source":["task"], "relationship_types": "creates", "target":["indicator"], "description":"A task was performed that created an indicator."},
    {"source":["task"], "relationship_types": "impacts", "target":["infrastructure", "_observable"], "description":"A task has an impact on specific infrastructure."},
    {"source":["task"], "relationship_types": "located-at", "target":["location"], "description":"The task occurred at a specific location or locations."},
    {"source":["task"], "relationship_types": "errored-to", "target":["task"], "description":"A task follows this one because of an error / if statement in a playbook."},
    {"source":["task"], "relationship_types": "followed-by", "target":["task"], "description":"A task follows this one in the normal chain of execution."},
    {"source":["identity"], "relationship_types": "assigned", "target":["task"], "description":"An identity has been assigned the task"},
    {"source":["identity"], "relationship_types": "contact-for", "target":["task"], "description":"An identity is a point of contact for this task."},
    {"source":["identity"], "relationship_types": "participated-in", "target":["task"], "description":"An identity participated in a specific task, but as not the primary performer"},
    {"source":["identity"], "relationship_types": "performed", "target":["task"], "description":"An identity performed a specific task."},
    {"source":["tool"], "relationship_types": "performed", "target":["task"], "description":"A tool performed a specific task."}
]