[{"id": "event--fc4cab35-4fbb-494b-b78e-e72cb04badf0", "type": "event", "original": {"type": "event", "spec_version": "2.1", "id": "event--fc4cab35-4fbb-494b-b78e-e72cb04badf0", "created": "2024-08-22T07:37:59.866Z", "modified": "2024-08-22T07:37:59.866Z", "description": "Suspicious email reported by user", "end_time": "2024-08-22T07:37:59.866Z", "event_types": ["dissemination-phishing-emails"], "name": "Potential Phishing Email", "start_time": "2024-08-22T07:37:59.866Z", "extensions": {"extension-definition--4ca6de00-5b0d-45ef-a1dc-ea7279ea910e": {"extension_type": "new-sdo"}}}, "icon": "event", "name": "Event", "heading": "Event -> Potential Phishing Email, Status -> ", "description": "<br>Suspicious email reported by user"}]