[{"id": "impact--37de17ff-6b4f-4b6e-a24d-728b36c03de3", "type": "impact", "original": {"type": "impact", "spec_version": "2.1", "id": "impact--37de17ff-6b4f-4b6e-a24d-728b36c03de3", "created": "2024-08-22T07:38:43.220Z", "modified": "2024-08-22T07:38:43.220Z", "impact_category": "availability", "criticality": 99, "description": "Laptop is stuffed", "end_time": "2024-08-22T07:38:43.220Z", "impacted_entity_counts": {"computers-mobile": 1}, "impacted_refs": ["identity--a5453d80-1e7b-44de-b814-2a5e485cdbb6"], "recoverability": "regular", "start_time": "2024-08-22T07:38:43.220Z", "extensions": {"availability": {"availability_impact": 99}, "extension-definition--7cc33dd6-f6a1-489b-98ea-522d351d71b9": {"extension_type": "new-sdo"}}}, "icon": "impact-availability", "name": "Availability Impact", "heading": "Availability Impact", "description": "<br>Laptop is stuffed<br>Total Impact ->99<br>Impacted Entities -> <br>Laptop is stuffed<br>Variety -> 99computers-mobile -> 1"}]