[{"id": "incident--75813f3f-785b-4a72-991d-e194963d9d4b", "type": "incident", "original": {"type": "incident", "spec_version": "2.1", "id": "incident--75813f3f-785b-4a72-991d-e194963d9d4b", "created": "2024-08-22T07:37:58.899Z", "modified": "2024-08-22T07:37:58.899Z", "name": "potential phishing", "extensions": {"extension-definition--ef765651-680c-498d-9894-99799f2fa126": {"extension_type": "property-extension", "investigation_status": "new", "incident_types": ["dissemination-phishing-emails"]}}}, "icon": "incident-ext", "name": "Incident Extension", "heading": "Incident Extension", "description": ""}]