[{"name": "belongs-to", "type": "embedded", "source": "email-addr--4722424c-7012-56b0-84d5-01d076fc547b", "target": "user-account--597ad4d4-35ba-585d-8f6d-134a75032f9b", "id": "email-addr--4722424c-7012-56b0-84d5-01d076fc547b-user-account--597ad4d4-35ba-585d-8f6d-134a75032f9b"}, {"name": "email address", "type": "embedded", "source": "identity--c8a60730-4fa0-4da0-90b2-5d1b548a35aa", "target": "email-addr--4722424c-7012-56b0-84d5-01d076fc547b", "id": "identity--c8a60730-4fa0-4da0-90b2-5d1b548a35aa-email-addr--4722424c-7012-56b0-84d5-01d076fc547b"}, {"name": "user account", "type": "embedded", "source": "identity--c8a60730-4fa0-4da0-90b2-5d1b548a35aa", "target": "user-account--597ad4d4-35ba-585d-8f6d-134a75032f9b", "id": "identity--c8a60730-4fa0-4da0-90b2-5d1b548a35aa-user-account--597ad4d4-35ba-585d-8f6d-134a75032f9b"}, {"name": "email address", "type": "embedded", "source": "identity--3bd1fb4a-e938-4327-8aa3-595ff3cfc711", "target": "email-addr--c99b87bd-f0a8-50ca-9f84-68072efc61e3", "id": "identity--3bd1fb4a-e938-4327-8aa3-595ff3cfc711-email-addr--c99b87bd-f0a8-50ca-9f84-68072efc61e3"}, {"name": "user account", "type": "embedded", "source": "identity--3bd1fb4a-e938-4327-8aa3-595ff3cfc711", "target": "user-account--83658594-537d-5c32-b9f0-137354bd9bc3", "id": "identity--3bd1fb4a-e938-4327-8aa3-595ff3cfc711-user-account--83658594-537d-5c32-b9f0-137354bd9bc3"}, {"name": "from", "type": "embedded", "source": "email-message--6090e3d4-1fa8-5b36-9d2d-4a66d824995d", "target": "email-addr--eb38d07e-6ba8-56c1-b107-d4db4aacf212", "id": "email-message--6090e3d4-1fa8-5b36-9d2d-4a66d824995d-email-addr--eb38d07e-6ba8-56c1-b107-d4db4aacf212"}, {"name": "to", "type": "embedded", "source": "email-message--6090e3d4-1fa8-5b36-9d2d-4a66d824995d", "target": "email-addr--4722424c-7012-56b0-84d5-01d076fc547b", "id": "email-message--6090e3d4-1fa8-5b36-9d2d-4a66d824995d-email-addr--4722424c-7012-56b0-84d5-01d076fc547b"}, {"name": "refers-to", "type": "embedded", "source": "observed-data--3a124ba7-bba0-4c62-938b-03f3acb71097", "target": "email-addr--eb38d07e-6ba8-56c1-b107-d4db4aacf212", "id": "observed-data--3a124ba7-bba0-4c62-938b-03f3acb71097-email-addr--eb38d07e-6ba8-56c1-b107-d4db4aacf212"}, {"name": "refers-to", "type": "embedded", "source": "observed-data--3a124ba7-bba0-4c62-938b-03f3acb71097", "target": "user-account--597ad4d4-35ba-585d-8f6d-134a75032f9b", "id": "observed-data--3a124ba7-bba0-4c62-938b-03f3acb71097-user-account--597ad4d4-35ba-585d-8f6d-134a75032f9b"}, {"name": "refers-to", "type": "embedded", "source": "observed-data--3a124ba7-bba0-4c62-938b-03f3acb71097", "target": "email-addr--4722424c-7012-56b0-84d5-01d076fc547b", "id": "observed-data--3a124ba7-bba0-4c62-938b-03f3acb71097-email-addr--4722424c-7012-56b0-84d5-01d076fc547b"}, {"name": "refers-to", "type": "embedded", "source": "observed-data--3a124ba7-bba0-4c62-938b-03f3acb71097", "target": "url--3279c7de-8f91-5c1a-99d9-d6546c6c41f7", "id": "observed-data--3a124ba7-bba0-4c62-938b-03f3acb71097-url--3279c7de-8f91-5c1a-99d9-d6546c6c41f7"}, {"name": "refers-to", "type": "embedded", "source": "observed-data--3a124ba7-bba0-4c62-938b-03f3acb71097", "target": "email-message--6090e3d4-1fa8-5b36-9d2d-4a66d824995d", "id": "observed-data--3a124ba7-bba0-4c62-938b-03f3acb71097-email-message--6090e3d4-1fa8-5b36-9d2d-4a66d824995d"}, {"stix-id": "sighting--ae1c87b3-d8e1-44f2-9e0c-d97808e17c02", "type": "sighting", "name": "Sighting of indicator", "source": "sighting--ae1c87b3-d8e1-44f2-9e0c-d97808e17c02", "target": "indicator--2d6468ca-e179-4b3b-9a00-3a40f3fa8d91", "id": "sighting--ae1c87b3-d8e1-44f2-9e0c-d97808e17c02-indicator--2d6468ca-e179-4b3b-9a00-3a40f3fa8d91"}, {"stix-id": "sighting--ae1c87b3-d8e1-44f2-9e0c-d97808e17c02", "type": "sighting", "name": "Observed Data", "source": "sighting--ae1c87b3-d8e1-44f2-9e0c-d97808e17c02", "target": "observed-data--3a124ba7-bba0-4c62-938b-03f3acb71097", "id": "sighting--ae1c87b3-d8e1-44f2-9e0c-d97808e17c02-observed-data--3a124ba7-bba0-4c62-938b-03f3acb71097"}, {"stix-id": "sighting--ae1c87b3-d8e1-44f2-9e0c-d97808e17c02", "type": "sighting", "name": "Where Sighted -> identity", "source": "sighting--ae1c87b3-d8e1-44f2-9e0c-d97808e17c02", "target": "identity--c8a60730-4fa0-4da0-90b2-5d1b548a35aa", "id": "sighting--ae1c87b3-d8e1-44f2-9e0c-d97808e17c02-identity--c8a60730-4fa0-4da0-90b2-5d1b548a35aa"}, {"name": "sequenced object", "type": "embedded", "source": "sequence--2ebbaf5b-196b-4739-ab53-8546853c875c", "target": "event--fc4cab35-4fbb-494b-b78e-e72cb04badf0", "id": "sequence--2ebbaf5b-196b-4739-ab53-8546853c875c-event--fc4cab35-4fbb-494b-b78e-e72cb04badf0"}, {"name": "on completion", "type": "embedded", "source": "sequence--07bbdf40-f794-48f2-ae04-22b226c4fc9a", "target": "sequence--2ebbaf5b-196b-4739-ab53-8546853c875c", "id": "sequence--07bbdf40-f794-48f2-ae04-22b226c4fc9a-sequence--2ebbaf5b-196b-4739-ab53-8546853c875c"}, {"name": "sequenced object", "type": "embedded", "source": "sequence--743c4de2-4342-489c-bd7f-260a3b83b4e8", "target": "task--0addefdc-2a6d-4f4e-a47f-859cda51ef3e", "id": "sequence--743c4de2-4342-489c-bd7f-260a3b83b4e8-task--0addefdc-2a6d-4f4e-a47f-859cda51ef3e"}, {"name": "on completion", "type": "embedded", "source": "sequence--71207b40-61fd-4d35-a106-7ea07c62f595", "target": "sequence--743c4de2-4342-489c-bd7f-260a3b83b4e8", "id": "sequence--71207b40-61fd-4d35-a106-7ea07c62f595-sequence--743c4de2-4342-489c-bd7f-260a3b83b4e8"}, {"name": "refers-to", "type": "embedded", "source": "observed-data--9a4aab47-935c-4b83-81ee-286a1e18d169", "target": "anecdote--e1298bc0-818e-5cdb-9154-eac37c8e260f", "id": "observed-data--9a4aab47-935c-4b83-81ee-286a1e18d169-anecdote--e1298bc0-818e-5cdb-9154-eac37c8e260f"}, {"stix-id": "sighting--81ff419b-5df5-4a62-89fc-d36644e21ab3", "type": "sighting", "name": "Sighting of identity", "source": "sighting--81ff419b-5df5-4a62-89fc-d36644e21ab3", "target": "identity--c8a60730-4fa0-4da0-90b2-5d1b548a35aa", "id": "sighting--81ff419b-5df5-4a62-89fc-d36644e21ab3-identity--c8a60730-4fa0-4da0-90b2-5d1b548a35aa"}, {"stix-id": "sighting--81ff419b-5df5-4a62-89fc-d36644e21ab3", "type": "sighting", "name": "Observed Data", "source": "sighting--81ff419b-5df5-4a62-89fc-d36644e21ab3", "target": "observed-data--9a4aab47-935c-4b83-81ee-286a1e18d169", "id": "sighting--81ff419b-5df5-4a62-89fc-d36644e21ab3-observed-data--9a4aab47-935c-4b83-81ee-286a1e18d169"}, {"stix-id": "sighting--81ff419b-5df5-4a62-89fc-d36644e21ab3", "type": "sighting", "name": "Where Sighted -> identity", "source": "sighting--81ff419b-5df5-4a62-89fc-d36644e21ab3", "target": "identity--3bd1fb4a-e938-4327-8aa3-595ff3cfc711", "id": "sighting--81ff419b-5df5-4a62-89fc-d36644e21ab3-identity--3bd1fb4a-e938-4327-8aa3-595ff3cfc711"}, {"name": "impacted things", "type": "embedded", "source": "impact--37de17ff-6b4f-4b6e-a24d-728b36c03de3", "target": "identity--a5453d80-1e7b-44de-b814-2a5e485cdbb6", "id": "impact--37de17ff-6b4f-4b6e-a24d-728b36c03de3-identity--a5453d80-1e7b-44de-b814-2a5e485cdbb6"}, {"name": "sequenced object", "type": "embedded", "source": "sequence--6adda2f3-32fd-43ff-813f-afb707a815ca", "target": "task--8334d106-73ce-4fa5-ad82-9eb40fc10933", "id": "sequence--6adda2f3-32fd-43ff-813f-afb707a815ca-task--8334d106-73ce-4fa5-ad82-9eb40fc10933"}]