[{"id": "relationship--a0fea125-c676-460d-bf7a-4099fdf6a976", "original": {"type": "relationship", "spec_version": "2.1", "id": "relationship--a0fea125-c676-460d-bf7a-4099fdf6a976", "created": "2024-08-22T07:37:59.358Z", "modified": "2024-08-22T07:37:59.358Z", "relationship_type": "derived-from", "source_ref": "email-message--6090e3d4-1fa8-5b36-9d2d-4a66d824995d", "target_ref": "url--3279c7de-8f91-5c1a-99d9-d6546c6c41f7"}, "name": "Derived-From", "heading": "Derived-From - SRO", "description": "<br>Result -> Email-Message<br>Raw-Material -> Url", "type": "relationship", "icon": "relationship"}]