[{"id": "sighting--ae1c87b3-d8e1-44f2-9e0c-d97808e17c02", "type": "sighting", "original": {"type": "sighting", "spec_version": "2.1", "id": "sighting--ae1c87b3-d8e1-44f2-9e0c-d97808e17c02", "created": "2024-08-22T07:37:59.535Z", "modified": "2024-08-22T07:37:59.535Z", "count": 1, "sighting_of_ref": "indicator--2d6468ca-e179-4b3b-9a00-3a40f3fa8d91", "observed_data_refs": ["observed-data--3a124ba7-bba0-4c62-938b-03f3acb71097"], "where_sighted_refs": ["identity--c8a60730-4fa0-4da0-90b2-5d1b548a35aa"], "extensions": {"sighting-alert": {"name": "user-report", "log": "I have found a suspicious email", "system_id": "XYZ-1234", "source": "user submission"}, "extension-definition--0d76d6d9-16ca-43fd-bd41-4f800ba8fc43": {"extension_type": "property-extension"}}}, "icon": "sighting-alert", "name": "Sighting-Alert", "heading": "Sighting-Alert", "description": "Sighting of indicator<br>Where Sighted -> identity"}, {"id": "email-addr--eb38d07e-6ba8-56c1-b107-d4db4aacf212", "type": "email-addr", "original": {"type": "email-addr", "spec_version": "2.1", "id": "email-addr--eb38d07e-6ba8-56c1-b107-d4db4aacf212", "value": "evil@northkorea.nk", "display_name": "Bad Man"}, "icon": "email-addr", "name": "Email Address", "heading": "Email Address -> Bad Man", "description": "<br>Value -> evil@northkorea.nk"}, {"id": "user-account--597ad4d4-35ba-585d-8f6d-134a75032f9b", "type": "user-account", "original": {"type": "user-account", "spec_version": "2.1", "id": "user-account--597ad4d4-35ba-585d-8f6d-134a75032f9b", "user_id": "79563902", "account_login": "nsmith", "account_type": "sales,", "display_name": "Naive Smith"}, "icon": "user-account", "name": "User Account", "heading": "User Account", "description": "<br>Display Name -> Naive Smith<br>Account Type -> sales,, User ID -> 79563902<br>Login String ->nsmith"}, {"id": "email-addr--4722424c-7012-56b0-84d5-01d076fc547b", "type": "email-addr", "original": {"type": "email-addr", "spec_version": "2.1", "id": "email-addr--4722424c-7012-56b0-84d5-01d076fc547b", "value": "naive@example.com", "display_name": "Naive Smith", "belongs_to_ref": "user-account--597ad4d4-35ba-585d-8f6d-134a75032f9b"}, "icon": "email-addr", "name": "Email Address", "heading": "Email Address -> Naive Smith", "description": "<br>Value -> naive@example.com"}, {"id": "url--3279c7de-8f91-5c1a-99d9-d6546c6c41f7", "type": "url", "original": {"type": "url", "spec_version": "2.1", "id": "url--3279c7de-8f91-5c1a-99d9-d6546c6c41f7", "value": "https://www.northkorea.nk/we/are/mad/"}, "icon": "url", "name": "URL", "heading": "URL", "description": "<br>Value -> https://www.northkorea.nk/we/are/mad/"}, {"id": "email-message--6090e3d4-1fa8-5b36-9d2d-4a66d824995d", "type": "email-message", "original": {"type": "email-message", "spec_version": "2.1", "id": "email-message--6090e3d4-1fa8-5b36-9d2d-4a66d824995d", "is_multipart": false, "date": "2020-10-19T01:01:01Z", "from_ref": "email-addr--eb38d07e-6ba8-56c1-b107-d4db4aacf212", "to_refs": ["email-addr--4722424c-7012-56b0-84d5-01d076fc547b"], "subject": "we are coming for you", "body": "some bad stuff written here"}, "icon": "email-message", "name": "Email Message", "heading": "Email Message", "description": "<br>Subject -> we are coming for you, Date -> 2020-10-19T01:01:01Z<br>Body -> some bad stuff written here"}, {"id": "relationship--a0fea125-c676-460d-bf7a-4099fdf6a976", "original": {"type": "relationship", "spec_version": "2.1", "id": "relationship--a0fea125-c676-460d-bf7a-4099fdf6a976", "created": "2024-08-22T07:37:59.358Z", "modified": "2024-08-22T07:37:59.358Z", "relationship_type": "derived-from", "source_ref": "email-message--6090e3d4-1fa8-5b36-9d2d-4a66d824995d", "target_ref": "url--3279c7de-8f91-5c1a-99d9-d6546c6c41f7"}, "name": "Derived-From", "heading": "Derived-From - SRO", "description": "<br>Result -> Email-Message<br>Raw-Material -> Url", "type": "relationship", "icon": "relationship"}, {"id": "observed-data--3a124ba7-bba0-4c62-938b-03f3acb71097", "type": "observed-data", "original": {"type": "observed-data", "spec_version": "2.1", "id": "observed-data--3a124ba7-bba0-4c62-938b-03f3acb71097", "created": "2024-08-22T07:37:59.406Z", "modified": "2024-08-22T07:37:59.406Z", "first_observed": "2020-10-19T01:01:01Z", "last_observed": "2020-10-19T01:01:01Z", "number_observed": 1, "object_refs": ["email-addr--eb38d07e-6ba8-56c1-b107-d4db4aacf212", "user-account--597ad4d4-35ba-585d-8f6d-134a75032f9b", "email-addr--4722424c-7012-56b0-84d5-01d076fc547b", "url--3279c7de-8f91-5c1a-99d9-d6546c6c41f7", "email-message--6090e3d4-1fa8-5b36-9d2d-4a66d824995d", "relationship--a0fea125-c676-460d-bf7a-4099fdf6a976"]}, "icon": "observed-data", "name": "Observed Data", "heading": "Observed Data", "description": "<br>First Observed -> 2020-10-19T01:01:01Z, Last Observed -> 2020-10-19T01:01:01Z"}, {"id": "indicator--2d6468ca-e179-4b3b-9a00-3a40f3fa8d91", "type": "indicator", "original": {"type": "indicator", "spec_version": "2.1", "id": "indicator--2d6468ca-e179-4b3b-9a00-3a40f3fa8d91", "created": "2024-08-22T07:37:59.470Z", "modified": "2024-08-22T07:37:59.470Z", "name": "Potential Phishing Email", "description": "Suspicious email reported by user", "indicator_types": ["unknown"], "pattern": "[email-addr:value = 'evil@northkorea.nk' AND email:subject = 'we are coming for you']", "pattern_type": "stix", "pattern_version": "2.1", "valid_from": "2024-08-22T07:37:59.47Z"}, "icon": "indicator", "name": "Indicator", "heading": "Indicator - Potential Phishing Email", "description": "<br>Suspicious email reported by user<br>Pattern Type -> stixIndicator Types -> ['unknown']<br>Pattern -> [email-addr:value = 'evil@northkorea.nk' AND email:subject = 'we are coming for you']"}, {"id": "identity--c8a60730-4fa0-4da0-90b2-5d1b548a35aa", "type": "identity", "original": {"type": "identity", "spec_version": "2.1", "id": "identity--c8a60730-4fa0-4da0-90b2-5d1b548a35aa", "created": "2024-08-22T07:37:45.645Z", "modified": "2024-08-22T07:37:45.645Z", "name": "Naive Smith", "description": "A Naive Individual", "roles": ["user", "sales"], "identity_class": "individual", "sectors": ["technology"], "extensions": {"extension-definition--66e2492a-bbd3-4be6-88f5-cc91a017a498": {"extension_type": "property-extension", "contact_numbers": [{"contact_number_type": "work-phone", "contact_number": "0499-999-109"}], "email_addresses": [{"digital_contact_type": "work", "email_address_ref": "email-addr--4722424c-7012-56b0-84d5-01d076fc547b"}], "first_name": "Naive", "last_name": "Smith", "middle_name": "Weakling", "prefix": "Mr", "social_media_accounts": [{"digital_contact_type": "work", "user_account_ref": "user-account--597ad4d4-35ba-585d-8f6d-134a75032f9b"}], "team": "Sales"}}}, "icon": "identity-contact", "name": "Individual", "heading": "Individual - Naive Smith", "description": "<br>A Naive Individual"}, {"id": "sighting--81ff419b-5df5-4a62-89fc-d36644e21ab3", "type": "sighting", "original": {"type": "sighting", "spec_version": "2.1", "id": "sighting--81ff419b-5df5-4a62-89fc-d36644e21ab3", "created": "2024-08-22T07:38:43.210Z", "modified": "2024-08-22T07:38:43.210Z", "count": 1, "sighting_of_ref": "identity--c8a60730-4fa0-4da0-90b2-5d1b548a35aa", "observed_data_refs": ["observed-data--9a4aab47-935c-4b83-81ee-286a1e18d169"], "where_sighted_refs": ["identity--3bd1fb4a-e938-4327-8aa3-595ff3cfc711"], "extensions": {"sighting-anecdote": {"person_name": "user-report", "person_context": "employee", "report_submission": "interview"}, "extension-definition--0d76d6d9-16ca-43fd-bd41-4f800ba8fc43": {"extension_type": "property-extension"}}}, "icon": "sighting-anecdote", "name": "Sighting-Anecdote", "heading": "Sighting-Anecdote", "description": "Sighting of identity<br>Where Sighted -> identity"}, {"id": "anecdote--e1298bc0-818e-5cdb-9154-eac37c8e260f", "type": "anecdote", "original": {"type": "anecdote", "spec_version": "2.1", "id": "anecdote--e1298bc0-818e-5cdb-9154-eac37c8e260f", "value": "I clicked on the link, and my laptop screen went weird", "report_date": "2024-08-22T07:38:42.918034Z", "provided_by_ref": "identity--c8a60730-4fa0-4da0-90b2-5d1b548a35aa"}, "icon": "anecdote", "name": "Anecdote", "heading": "Anecdote -> 2024-08-22T07:38:42.918034Z", "description": "/Statement -> I clicked on the link, and my laptop screen went weird"}, {"id": "observed-data--9a4aab47-935c-4b83-81ee-286a1e18d169", "type": "observed-data", "original": {"type": "observed-data", "spec_version": "2.1", "id": "observed-data--9a4aab47-935c-4b83-81ee-286a1e18d169", "created": "2024-08-22T07:38:42.975Z", "modified": "2024-08-22T07:38:42.975Z", "first_observed": "2020-10-19T01:01:01Z", "last_observed": "2020-10-19T01:01:01Z", "number_observed": 1, "object_refs": ["anecdote--e1298bc0-818e-5cdb-9154-eac37c8e260f"]}, "icon": "observed-data", "name": "Observed Data", "heading": "Observed Data", "description": "<br>First Observed -> 2020-10-19T01:01:01Z, Last Observed -> 2020-10-19T01:01:01Z"}, {"id": "identity--3bd1fb4a-e938-4327-8aa3-595ff3cfc711", "type": "identity", "original": {"type": "identity", "spec_version": "2.1", "id": "identity--3bd1fb4a-e938-4327-8aa3-595ff3cfc711", "created": "2024-08-22T07:37:45.465Z", "modified": "2024-08-22T07:37:45.465Z", "name": "Trusty Jones", "description": "A Trusty Individual", "roles": ["soc", "support"], "identity_class": "individual", "sectors": ["technology"], "extensions": {"extension-definition--66e2492a-bbd3-4be6-88f5-cc91a017a498": {"extension_type": "property-extension", "contact_numbers": [{"contact_number_type": "work-phone", "contact_number": "0418-208-368"}], "email_addresses": [{"digital_contact_type": "work", "email_address_ref": "email-addr--c99b87bd-f0a8-50ca-9f84-68072efc61e3"}], "first_name": "Me", "last_name": "Jones", "middle_name": "Percival", "prefix": "Dr", "social_media_accounts": [{"digital_contact_type": "work", "user_account_ref": "user-account--83658594-537d-5c32-b9f0-137354bd9bc3"}], "team": "All_Stars"}}}, "icon": "identity-contact", "name": "Individual", "heading": "Individual - Trusty Jones", "description": "<br>A Trusty Individual"}]