[{"stix-id": "relationship--a0fea125-c676-460d-bf7a-4099fdf6a976", "type": "relationship", "name": "derived-from", "source": "email-message--6090e3d4-1fa8-5b36-9d2d-4a66d824995d", "target": "relationship--a0fea125-c676-460d-bf7a-4099fdf6a976", "id": "email-message--6090e3d4-1fa8-5b36-9d2d-4a66d824995d-relationship--a0fea125-c676-460d-bf7a-4099fdf6a976"}, {"stix-id": "relationship--a0fea125-c676-460d-bf7a-4099fdf6a976", "type": "relationship", "name": "derived-from", "source": "relationship--a0fea125-c676-460d-bf7a-4099fdf6a976", "target": "url--3279c7de-8f91-5c1a-99d9-d6546c6c41f7", "id": "relationship--a0fea125-c676-460d-bf7a-4099fdf6a976-url--3279c7de-8f91-5c1a-99d9-d6546c6c41f7"}]