[{"id": "sequence--07bbdf40-f794-48f2-ae04-22b226c4fc9a", "type": "sequence", "original": {"type": "sequence", "spec_version": "2.1", "id": "sequence--07bbdf40-f794-48f2-ae04-22b226c4fc9a", "created": "2024-08-22T07:37:59.985Z", "modified": "2024-08-22T07:37:59.985Z", "sequence_type": "event", "step_type": "start_step", "on_completion": "sequence--2ebbaf5b-196b-4739-ab53-8546853c875c", "extensions": {"extension-definition--be0c7c79-1961-43db-afde-637066a87a64": {"extension_type": "new-sdo"}}}, "icon": "step-terminal", "name": "Start Step", "heading": "Start Step for Event", "description": ""}, {"id": "sequence--71207b40-61fd-4d35-a106-7ea07c62f595", "type": "sequence", "original": {"type": "sequence", "spec_version": "2.1", "id": "sequence--71207b40-61fd-4d35-a106-7ea07c62f595", "created": "2024-08-22T07:38:00.202Z", "modified": "2024-08-22T07:38:00.202Z", "sequence_type": "task", "step_type": "start_step", "on_completion": "sequence--743c4de2-4342-489c-bd7f-260a3b83b4e8", "extensions": {"extension-definition--be0c7c79-1961-43db-afde-637066a87a64": {"extension_type": "new-sdo"}}}, "icon": "step-terminal", "name": "Start Step", "heading": "Start Step for Task", "description": ""}]