[{"id": "sequence--2ebbaf5b-196b-4739-ab53-8546853c875c", "type": "sequence", "original": {"type": "sequence", "spec_version": "2.1", "id": "sequence--2ebbaf5b-196b-4739-ab53-8546853c875c", "created": "2024-08-22T07:37:59.921Z", "modified": "2024-08-22T07:37:59.921Z", "sequenced_object": "event--fc4cab35-4fbb-494b-b78e-e72cb04badf0", "sequence_type": "event", "step_type": "single_step", "extensions": {"extension-definition--be0c7c79-1961-43db-afde-637066a87a64": {"extension_type": "new-sdo"}}}, "icon": "step-single", "name": "Single Step", "heading": "Single Step for Event", "description": ""}, {"id": "sequence--743c4de2-4342-489c-bd7f-260a3b83b4e8", "type": "sequence", "original": {"type": "sequence", "spec_version": "2.1", "id": "sequence--743c4de2-4342-489c-bd7f-260a3b83b4e8", "created": "2024-08-22T07:38:00.139Z", "modified": "2024-08-22T07:38:00.139Z", "sequenced_object": "task--0addefdc-2a6d-4f4e-a47f-859cda51ef3e", "sequence_type": "task", "step_type": "single_step", "extensions": {"extension-definition--be0c7c79-1961-43db-afde-637066a87a64": {"extension_type": "new-sdo"}}}, "icon": "step-single", "name": "Single Step", "heading": "Single Step for Task", "description": ""}, {"id": "sequence--6adda2f3-32fd-43ff-813f-afb707a815ca", "type": "sequence", "original": {"type": "sequence", "spec_version": "2.1", "id": "sequence--6adda2f3-32fd-43ff-813f-afb707a815ca", "created": "2024-08-22T07:38:43.362Z", "modified": "2024-08-22T07:38:43.362Z", "sequenced_object": "task--8334d106-73ce-4fa5-ad82-9eb40fc10933", "sequence_type": "task", "step_type": "single_step", "extensions": {"extension-definition--be0c7c79-1961-43db-afde-637066a87a64": {"extension_type": "new-sdo"}}}, "icon": "step-single", "name": "Single Step", "heading": "Single Step for Task", "description": ""}]