[{"id": "task--0addefdc-2a6d-4f4e-a47f-859cda51ef3e", "type": "task", "original": {"type": "task", "spec_version": "2.1", "id": "task--0addefdc-2a6d-4f4e-a47f-859cda51ef3e", "created": "2024-08-22T07:38:00.78Z", "modified": "2024-08-22T07:38:00.78Z", "description": "Suspicious email reported by user", "end_time": "2024-08-22T07:38:00.78Z", "name": "Potential Phishing Email", "start_time": "2024-08-22T07:38:00.78Z", "extensions": {"extension-definition--2074a052-8be4-4932-849e-f5e7798e0030": {"extension_type": "new-sdo"}}}, "icon": "task", "name": "Task", "heading": "Task -> Potential Phishing Email", "description": "<br>Suspicious email reported by user"}, {"id": "task--8334d106-73ce-4fa5-ad82-9eb40fc10933", "type": "task", "original": {"type": "task", "spec_version": "2.1", "id": "task--8334d106-73ce-4fa5-ad82-9eb40fc10933", "created": "2024-08-22T07:38:43.299Z", "modified": "2024-08-22T07:38:43.299Z", "description": "Find out who else got the email", "end_time": "2024-08-22T07:38:43.299Z", "name": "Query Exchange Server", "start_time": "2024-08-22T07:38:43.299Z", "extensions": {"extension-definition--2074a052-8be4-4932-849e-f5e7798e0030": {"extension_type": "new-sdo"}}}, "icon": "task", "name": "Task", "heading": "Task -> Query Exchange Server", "description": "<br>Find out who else got the email"}]