[{"id": "identity--a5453d80-1e7b-44de-b814-2a5e485cdbb6", "type": "identity", "original": {"type": "identity", "spec_version": "2.1", "id": "identity--a5453d80-1e7b-44de-b814-2a5e485cdbb6", "created": "2024-08-22T07:37:46.385Z", "modified": "2024-08-22T07:37:46.385Z", "name": "HP Laptop 1", "description": "Usr 1's Laptop", "roles": ["laptop"], "identity_class": "asset", "sectors": ["technology"], "external_references": [{"source_name": "HP Ultima 10", "description": "16GB RAM, 1TB SD, Microsoft Windows 11 Professional", "url": "https://mail.echange.microsoft.com", "external_id": "Asset--629456a"}]}, "icon": "identity-asset", "name": "Hardware Asset", "heading": "Hardware Asset - HP Laptop 1", "description": "<br>Usr 1's Laptop<br>HP Ultima 10<br>16GB RAM, 1TB SD, Microsoft Windows 11 Professional"}]