{
    "accidental": "A non-hostile actor whose benevolent or harmless intent inadvertently causes harm.\n\nFor example, a well-meaning and dedicated employee who through distraction or poor training unintentionally causes harm to his or her organization.",
    "coercion": "Being forced to act on someone else's behalf.\n\nAdversaries who are motivated by coercion are often forced through intimidation or blackmail to act illegally for someone else’s benefit. Unlike the other motivations, a coerced person does not act for personal gain, but out of fear of incurring a loss.",
    "dominance": "A desire to assert superiority over someone or something else.\n\nAdversaries who are seeking dominance over a target are focused on using their power to force their target into submission or irrelevance. Dominance may be found with ideology in some state-sponsored attacks and with notoriety in some cyber vandalism-based attacks.",
    "ideology": "A passion to express a set of ideas, beliefs, and values that may shape and drive harmful and illegal acts.\n\nAdversaries who act for ideological reasons (e.g., political, religious, human rights, environmental, desire to cause chaos/anarchy, etc.) are not usually motivated primarily by the desire for profit; they are acting on their own sense of morality, justice, or political loyalty.\nFor example, an activist group may sabotage a company’s equipment because they believe the company is harming the environment.",
    "notoriety": "Seeking prestige or to become well known through some activity.\n\nAdversaries motivated by notoriety are often seeking either personal validation or respect within a community and staying covert is not a priority. In fact, one of the main goals is to garner the respect of their target audience.",
    "organizational-gain": "Seeking advantage over a competing organization, including a military organization.\n\nAdversaries motivated by increased profit or other gains through an unfairly obtained competitive advantage are often seeking theft of intellectual property, business processes, or supply chain agreements and thus accelerating their position in a market or capability.",
    "personal-gain": "The desire to improve one’s own financial status.\n\nAdversaries motivated by a selfish desire for personal gain are often out for gains that come from financial fraud, hacking for hire, or intellectual property theft.\nWhile a Threat Actor or Intrusion Set may be seeking personal gain, this does not mean they are acting alone. Individuals can band together solely to maximize their own personal profits.",
    "personal-satisfaction": "A desire to satisfy a strictly personal goal, including curiosity, thrill-seeking, amusement, etc.\n\nThreat Actors or Intrusion Set driven by personal satisfaction may incidentally receive some other gain from their actions, such as a profit, but their primary motivation is to gratify a personal, emotional need. Individuals can band together with others toward a mutual, but not necessarily organizational, objective.",
    "revenge": "A desire to avenge perceived wrongs through harmful actions such as sabotage, violence, theft, fraud, or embarrassing certain individuals or the organization.\n\nA disgruntled Threat Actor or Intrusion Set seeking revenge can include current or former employees, who may have extensive knowledge to leverage when conducting attacks. Individuals can band together with others if the individual believes that doing so will enable them to cause more harm.",
    "unpredictable": "Acting without identifiable reason or purpose and creating unpredictable events.\n\nUnpredictable is not a miscellaneous or default category. Unpredictable means a truly random and likely bizarre event, which seems to have no logical purpose to the victims."
}