{
    "individual": "Resources limited to the average individual; Threat Actor acts independently.",
    "club": "Members interact on a social and volunteer basis, often with little personal interest in the specific target. An example might be a core group of unrelated activists who regularly exchange tips on a particular blog. Group persists long term.",
    "contest": "A short-lived and perhaps anonymous interaction that concludes when the participants have achieved a single goal. For example, people who break into systems just for thrills or prestige may hold a contest to see who can break into a specific target first. It also includes announced 'operations' to achieve a specific goal, such as the original 'OpIsrael' call for volunteers to disrupt all of Israel's Internet functions for a day.",
    "team": "A formally organized group with a leader, typically motivated by a specific goal and organized around that goal. Group persists long term and typically operates within a single geography.",
    "organization": "Larger and better resourced than a team; typically, a company or crime syndicate. Usually operates in multiple geographic areas and persists long term.",
    "government": "Controls public assets and functions within a jurisdiction; very well resourced and persists long term."
}