{
    "agriculture" : "",
    "aerospace" : "",
    "automotive" : "",
    "chemical" : "",
    "commercial" : "",
    "communications" : "",
    "construction" : "",
    "defense" : "",
    "education" : "",
    "energy" : "",
    "entertainment" : "",
    "financial-services" : "",
    "government" : "",
    "emergency-services" : "",
    "government-local" : "",
    "government-national" : "",
    "government-public-services" : "",
    "government-regional" : "",
    "healthcare" : "",
    "hospitality-leisure" : "",
    "infrastructure" : "",
    "dams" : "",
    "nuclear" : "",
    "water" : "",
    "insurance" : "",
    "manufacturing" : "",
    "mining" : "",
    "non-profit" : "",
    "pharmaceuticals" : "",
    "retail" : "",
    "technology" : "",
    "telecommunications" : "",
    "transportation" : "",
    "utilities" : ""
}