{
    "africa": "",
    "eastern-africa": "",
    "middle-africa": "",
    "northern-africa": "",
    "southern-africa": "",
    "western-africa": "",
    "americas": "",
    "caribbean": "",
    "central-america": "",
    "latin-america-caribbean": "",
    "northern-america": "",
    "south-america": "",
    "asia": "",
    "central-asia": "",
    "eastern-asia": "",
    "southern-asia": "",
    "south-eastern-asia": "",
    "western-asia": "",
    "europe": "",
    "eastern-europe": "",
    "northern-europe": "",
    "southern-europe": "",
    "western-europe": "",
    "oceania": "",
    "antarctica": "",
    "australia-new-zealand": "",
    "melanesia": "",
    "micronesia": "",
    "polynesia": ""
}