{
    "agent": "Threat actor executes attacks either on behalf of themselves or at the direction of someone else.",
    "director": "The threat actor who directs the activities, goals, and objectives of the malicious activities.",
    "independent": "A threat actor acting by themselves.",
    "infrastructure-architect": "Someone who designs the battle space.",
    "infrastructure-operator": "The threat actor who provides and supports the attack infrastructure that is used to deliver the attack (botnet providers, cloud services, etc.).",
    "malware-author": "The threat actor who authors malware or other malicious tools.",
    "sponsor": "The threat actor who funds the malicious activities."
}