{
    "ongoing": "The event is still occurring.",
    "occurred": "The event took and is no longer ongoing.",
    "not-occurred": "The event did not take place, but it was previously expected to.",
    "pending": "The event has not yet been started or observed, but it is projected or otherwise planned. Pending activity may never occur as various factors can cause it to be blocked or not attempted. As such any time or sequence values for pending activities should be treated as an estimation or projection that is subject to chan",
    "undetermined": "The status of the event has not been determined or is not shareable."
}