[
    {"source":["_same"], "relationship_types": "derived-from", "target":["_same"], "description":"The information in the target object is based on information from the source object.\n\n'derived-from' is an explicit relationship between two separate objects and MUST NOT be used as a substitute for the versioning process defined in section 3.6."},
    {"source":["_same"], "relationship_types": "duplicate-of", "target":["_same"], "description":"The referenced source and target objects are semantically duplicates of each other.\n\nThis specification does not address whether the source or the target object is the duplicate object or what action, if any, a consumer should take when receiving an instance of this relationship.\n\nAs an example, a Campaign object from one organization could be marked as a duplicate-of a Campaign object from another organization if they both described the same campaign."},
    {"source":["_same"], "relationship_types": "related-to", "target":["_same"], "description":"Asserts a non-specific relationship between two SDOs. This relationship can be used when none of the other predefined relationships are appropriate, and a user-defined one is not needed.\n\nAs an example, a Malware object describing a piece of malware could be marked as a related-to a Tool if they are commonly used together. That relationship is not common enough to standardize but may be useful to some analysts."},
    {"source":["attack-pattern"], "relationship_types": "delivers", "target":["malware"], "description":"This Relationship describes that this Attack Pattern is used to deliver this malware instance (or family)."},
    {"source":["attack-pattern"], "relationship_types": "targets", "target":["identity", "location", "vulnerability"], "description":"This Relationship describes that this Attack Pattern typically targets the type of victim, location, or vulnerability represented by the related Identity, Location, or Vulnerability object.\n\nFor example, a targets Relationship linking an Attack Pattern for SQL injection to an Identity object representing domain administrators means that the form of SQL injection characterized by the Attack Pattern targets domain administrators in order to achieve its objectives.\n\nAnother example is a Relationship linking an Attack Pattern for SQL injection to a Vulnerability in blogging software means that the particular SQL injection attack exploits that vulnerability."},
    {"source":["attack-pattern"], "relationship_types": "uses", "target":["malware", "tool"], "description":"This Relationship describes that the related Malware or Tool is used to perform the behavior identified in the Attack Pattern.\n\nFor example, a uses Relationship linking an Attack Pattern for a distributed denial of service (DDoS) to a Tool for Low Orbit Ion Cannon (LOIC) indicates that the tool can be used to perform those DDoS attacks."},
    {"source":["campaign"], "relationship_types": "attributed-to", "target":["intrusion-set", "threat-actor"], "description":"This Relationship describes that the Intrusion Set or Threat Actor that is involved in carrying out the Campaign.\n\nFor example, an attributed-to Relationship from the Glass Gazelle Campaign to the Urban Fowl Threat Actor means that the actor carried out or was involved in some of the activity described by the Campaign."},
    {"source":["campaign"], "relationship_types": "compromises", "target":["infrastructure"], "description":"This Relationship describes that the Campaign compromises the related Infrastructure."},
    {"source":["campaign"], "relationship_types": "originates-from", "target":["location"], "description":"This Relationship describes that the Campaign originates from the related Location.\n\nFor example, an originates-from relationship from the Glass Gazelle Campaign to a Location representing North America means that Glass Gazelle appears to originate from or is located in North America."},
    {"source":["campaign"], "relationship_types": "targets", "target":["identity", "location", "vulnerability"], "description":"This Relationship describes that the Campaign uses exploits of the related Vulnerability or targets the type of victims described by the related Identity or Location.\n\nFor example, a targets Relationship from the Glass Gazelle Campaign to a Vulnerability in a blogging platform indicates that attacks performed as part of Glass Gazelle often exploit that Vulnerability.\n\nSimilarly, a targets Relationship from the Glass Gazelle Campaign to an Identity describing the energy sector in the United States means that the Campaign typically carries out attacks against targets in that sector."},
    {"source":["campaign"], "relationship_types": "uses", "target":["attack-pattern", "infrastructure", "malware", "tool"], "description":"This Relationship describes that attacks carried out as part of the Campaign typically use the related Attack Pattern, Infrastructure, Malware, or Tool.\n\nFor example, a uses Relationship from the Glass Gazelle Campaign to the xInject Malware indicates that xInject is often used during attacks attributed to that Campaign.\n\nA campaign, threat actor, intrusion set, malware, or tool takes infrastructure and compromises and/or uses it for their own."},
    {"source":["course-of-action"], "relationship_types": "investigates", "target":["indicator"], "description":"This Relationship describes that the Course of Action can be used to investigate the Indicator."},
    {"source":["course-of-action"], "relationship_types": "mitigates", "target":["attack-pattern, indicator, malware, tool, vulnerability"], "description":"This Relationship describes that the Course of Action can mitigate (e.g. respond to a threat) the related Attack Pattern, Indicator, Malware, Vulnerability, or Tool. For example, a mitigates Relationship from a Course of Action object to a Malware object indicates that the course of action mitigates the malware."},
    {"source":["course-of-action"], "relationship_types": "remediates", "target":["malware", "vulnerability"], "description":"This Relationship describes that the Course of Action can be used to remediate (e.g. clean up) the malware or vulnerability"},
    {"source":["identity"], "relationship_types": "located-at", "target":["location"], "description":"This Relationship describes that the Identity is located at or in the related Location.\n\nFor example, a located-at relationship from the ACME Corporation to a Location representing the United States means that ACME Corporation is located in the United States."},
    {"source":["indicator"], "relationship_types": "indicates", "target":["attack-pattern, campaign, infrastructure, intrusion-set, malware, threat-actor, tool"], "description":"This Relationship describes that the Indicator can detect evidence of the related Attack Pattern, Campaign, Infrastructure, Intrusion Set, Malware, Threat Actor, or Tool. This evidence may not be direct: for example, the Indicator may detect secondary evidence of the Campaign, such as malware or behavior commonly used by that Campaign. \n\nFor example, an indicates Relationship from an Indicator to a Campaign object representing Glass Gazelle means that the Indicator is capable of detecting evidence of Glass Gazelle, such as command and control IPs commonly used by that Campaign."},
    {"source":["indicator"], "relationship_types": "based-on", "target":["observed-data"], "description":"This relationship describes that the indicator was created based on information from an observed-data object.\n\nFor example, an indicator may be created based upon the observation of a spearphishing email or created based upon analysis performed on a piece of malware or adversary infrastructure."},
    {"source":["infrastructure"], "relationship_types": "communicates-with", "target":["infrastructure", "ipv4-addr", "ipv6-addr", "domain-name", "url"], "description":"This Relationship documents that this infrastructure instance communicates with the defined network addressable resource.\n\nFor example, a botnet could communicate with a crypto-currency mining pool. This does not mean that the pool is a part of this infrastructure."},
    {"source":["infrastructure"], "relationship_types": "consists-of", "target":["infrastructure, observed-data, _sco"], "description":"This Relationship documents the objects that are used to make up an infrastructure instance, such as ipv4-addr, ipv6-addr, domain-name, url. An infrastructure instance consists of zero or more objects. \n\nWhile not all SCO types will make sense as infrastructure, allowing any type of SCO prevents artificially restricting what could be used."},
    {"source":["infrastructure"], "relationship_types": "controls", "target":["infrastructure", "malware"], "description":"This Relationship describes that this infrastructure controls some other infrastructure or a malware instance (or family)."},
    {"source":["infrastructure"], "relationship_types": "delivers", "target":["malware"], "description":"This Relationship describes that this infrastructure is used to actively deliver a malware instance (or family)."},
    {"source":["infrastructure"], "relationship_types": "has", "target":["vulnerability"], "description":"This Relationship describes that this specific Infrastructure has this specific Vulnerability.\n\nFor example, a web server may not have been patched and currently is impacted by a CVE."},
    {"source":["infrastructure"], "relationship_types": "hosts", "target":["tool", "malware"], "description":"This Relationship describes that this infrastructure has a tool running on it or is used to passively host the tool / malware. For example, an SSH server may be hosted on a piece of infrastructure."},
    {"source":["infrastructure"], "relationship_types": "located-at", "target":["location"], "description":"This Relationship describes that the infrastructure originates from the related location.\n\nFor example, a located-at relationship from the Red Orca C2 infrastructure to a Location representing North America means that the Red Orca C2 Infrastructure appears to originate from or is located in North America."},
    {"source":["infrastructure"], "relationship_types": "uses", "target":["infrastructure"], "description":"This Relationship describes that this infrastructure uses this other infrastructure to achieve its objectives."},
    {"source":["intrusion-set"], "relationship_types": "attributed-to", "target":["threat-actor"], "description":"This Relationship describes that the related Threat Actor is involved in carrying out the Intrusion Set.\n\nFor example, an attributed-to Relationship from the Red Orca Intrusion Set to the Urban Fowl Threat Actor means that the actor carried out or was involved in some of the activity described by the Intrusion Set."},
    {"source":["intrusion-set"], "relationship_types": "compromises", "target":["infrastructure"], "description":"This Relationship describes that the Intrusion Set compromises the related Infrastructure."},
    {"source":["intrusion-set"], "relationship_types": "hosts", "target":["infrastructure"], "description":"This Relationship describes that the Intrusion Set hosts or owns the related Infrastructure (e.g. an actor that rents botnets to other threat actors)."},
    {"source":["intrusion-set"], "relationship_types": "owns", "target":["infrastructure"], "description":"This Relationship describes that the Intrusion Set hosts or owns the related Infrastructure (e.g. an actor that rents botnets to other threat actors)."},
    {"source":["intrusion-set"], "relationship_types": "originates-from", "target":["location"], "description":"This Relationship describes that the Intrusion Set originates from the related location and SHOULD NOT be used to define attribution.\n\nFor example, an originates-from relationship from the Red Orca Intrusion Set to a Location representing North America means that the Red Orca Intrusion Set appears to originate from or is located in North America."},
    {"source":["intrusion-set"], "relationship_types": "targets", "target":["identity", "location", "vulnerability"], "description":"This Relationship describes that the Intrusion Set uses exploits of the related Vulnerability or targets the type of victims described by the related Identity or Location.\n\nFor example, a targets Relationship from the Red Orca Intrusion Set to a Vulnerability in a blogging platform indicates that attacks performed as part of Red Orca often exploit that Vulnerability.\n\nSimilarly, a targets Relationship from the Red Orca Intrusion Set to an Identity describing the energy sector in the United States means that the Intrusion Set typically carries out attacks against targets in that sector."},
    {"source":["intrusion-set"], "relationship_types": "uses", "target":["attack-pattern", "infrastructure", "malware", "tool"], "description":"This Relationship describes that attacks carried out as part of the Intrusion Set typically use the related Attack Pattern, Infrastructure, Malware, or Tool.\n\nFor example, a uses Relationship from the Red Orca Intrusion Set to the xInject Malware indicates that xInject is often used during attacks attributed to that Intrusion Set."},
    {"source":["malware"], "relationship_types": "authored-by", "target":["threat-actor", "intrusion-set"], "description":"This Relationship describes that the malware instance or family was developed by the related threat actor or intrusion set."},
    {"source":["malware"], "relationship_types": "beacons-to", "target":["infrastructure"], "description":"This Relationship describes that the malware instance or family beacons to or exfiltrates data to the related Infrastructure."},
    {"source":["malware"], "relationship_types": "exfiltrates-to", "target":["infrastructure"], "description":"This Relationship describes that the malware instance or family beacons to or exfiltrates data to the related Infrastructure."},
    {"source":["malware"], "relationship_types": "communicates-with", "target":["ipv4-addr", "ipv6-addr", "domain-name", "url"], "description":"This Relationship documents that this malware instance (or family) communicates with (beacons to, connects to, or exfiltrated data to) the defined network addressable resource."},
    {"source":["malware"], "relationship_types": "controls", "target":["malware"], "description":"This Relationship documents that this malware instance (or family) can control other malware which may be resident on the same system on which it is executing.\n\nNote that this is not meant to imply or state that the malware instance or family drops other malware (which is covered by the drops relationship). Rather, it is meant to state that the malware instance or family is able to subvert or control other malware to achieve its goals."},
    {"source":["malware"], "relationship_types": "downloads", "target":["malware", "tool", "file"], "description":"These Relationships document that this malware instance (or family) downloads or drops another malware instance, tool or file. This is especially common with 'first-stage' malware instances such as downloaders and droppers."},
    {"source":["malware"], "relationship_types": "drops", "target":["malware", "tool", "file"], "description":"These Relationships document that this malware instance (or family) downloads or drops another malware instance, tool or file. This is especially common with 'first-stage' malware instances such as downloaders and droppers."},
    {"source":["malware"], "relationship_types": "exploits", "target":["vulnerability"], "description":"This Relationship documents that this malware instance or family exploits or attempts to exploit a particular vulnerability.\n\nFor example, an exploits Relationship linking a malware instance or family representing a downloader to a Vulnerability for CVE-2016-0001 means that the malware instance or family exploits that vulnerability."},
    {"source":["malware"], "relationship_types": "originates-from", "target":["location"], "description":"This Relationship documents that this malware instance or family originates from a particular location."},
    {"source":["malware"], "relationship_types": "targets", "target":["identity", "infrastructure", "location", "vulnerability"], "description":"perf"},
    {"source":["malware"], "relationship_types": "uses", "target":["attack-pattern", "infrastructure", "malware", "tool"], "description":"This Relationship documents that this malware instance or family uses the attack pattern, infrastructure, malware, or tool to achieve its objectives.\n\nFor example, a uses Relationship from the jay-sm17h Threat Actor to the xInject Malware indicates that xInject is often used by jay-sm17h."},
    {"source":["malware"], "relationship_types": "variant-of", "target":["malware"], "description":"This Relationship is used to document that one malware instance or family is a variant of another malware instance or family.\n\nOnly the following uses of this relationship are valid:\n- Malware instance → Malware family: a Malware instance is a variant of a Malware family. For example, a particular Zeus version 2 sample is a variant of the broader Zeus family.\n- Malware family → Malware family: a Malware family is a variant of another Malware family. For example, the Gameover Zeus family is a variant of the broader Zeus family.\n- Malware instance → Malware instance: a Malware instance is a variant of another Malware instance. For example, a particular Cryptolocker instance that is based on an another Cryptolocker instance with minor changes.\n- Malware family → Malware instance: this relationship MUST NOT be used as it is not semantically valid."},
    {"source":["malware-analysis"], "relationship_types": "characterizes", "target":["malware"], "description":"This Relationship describes that the malware analysis describes the related malware."},
    {"source":["malware-analysis"], "relationship_types": "analysis-of", "target":["malware"], "description":"This Relationship describes that the malware analysis is results for the related malware."},
    {"source":["malware-analysis"], "relationship_types": "static-analysis-of", "target":["malware"], "description":"This Relationship describes that the malware analysis is static analysis results for the related malware."},
    {"source":["malware-analysis"], "relationship_types": "dynamic-analysis-of", "target":["malware"], "description":"This Relationship describes that the malware analysis is dynamic analysis results for the related malware."},
    {"source":["threat-actor"], "relationship_types": "attributed-to", "target":["task"], "description":"This Relationship describes that the Threat Actor's real identity is the related Identity.\n\nFor example, an attributed-to Relationship from the jay-sm17h Threat Actor to the John Smith Identity means that the actor known as jay-sm17h is John Smith."},
    {"source":["threat-actor"], "relationship_types": "compromises", "target":["infrastructure"], "description":"This Relationship describes that the Threat Actor compromises the related Infrastructure."},
    {"source":["threat-actor"], "relationship_types": "hosts", "target":["infrastructure"], "description":"This Relationship describes that the Threat Actor hosts or owns the related Infrastructure (e.g. an actor that rents botnets to other threat actors)."},
    {"source":["threat-actor"], "relationship_types": "owns", "target":["infrastructure"], "description":"This Relationship describes that the Threat Actor hosts or owns the related Infrastructure (e.g. an actor that rents botnets to other threat actors)."},
    {"source":["threat-actor"], "relationship_types": "impersonates", "target":["identity"], "description":"This Relationship describes that the Threat Actor impersonates the related Identity.\n\nFor example, an impersonates Relationship from the gh0st Threat Actor to the ACME Corp. Identity means that the actor known as gh0st impersonates ACME Corp."},
    {"source":["threat-actor"], "relationship_types": "located-at", "target":["location"], "description":"This Relationship describes that the Threat Actor is located at or in the related Location.\n\nFor example, a located-at relationship from the gh0st Threat Actor to a Location representing the United States means that ACME Corporation is located in the United States."},
    {"source":["threat-actor"], "relationship_types": "targets", "target":["identity", "location", "vulnerability"], "description":"This Relationship describes that the Threat Actor uses exploits of the related Vulnerability or targets the type of victims described by the related Identity or Location.\n\nFor example, a targets Relationship from the jay-sm17h Threat Actor to a Vulnerability in a blogging platform indicates that attacks performed by John Smith often exploit that Vulnerability.\n\nSimilarly, a targets Relationship from the jay-sm17h Threat Actor to an Identity describing the energy sector in the United States means that John Smith often carries out attacks against targets in that sector."},
    {"source":["threat-actor"], "relationship_types": "uses", "target":["attack-pattern", "infrastructure, malware, tool"], "description":"This Relationship describes that attacks carried out as part of the Threat Actor typically use the related Attack Pattern, Infrastructure,  Malware, or Tool.\n\nFor example, a uses Relationship from the jay-sm17h Threat Actor to the xInject Malware indicates that xInject is often used by John Smith.\n\n A campaign, threat actor, intrusion set, malware, or tool takes infrastructure and compromises and/or uses it for their own."},
    {"source":["tool"], "relationship_types": "delivers", "target":["malware"], "description":"This Relationship describes that this Tool is used to deliver a malware instance (or family)."},
    {"source":["tool"], "relationship_types": "drops", "target":["malware"], "description":"This Relationship documents that this Tool drops a malware instance (or family)."},
    {"source":["tool"], "relationship_types": "has", "target":["vulnerability"], "description":"This Relationship describes that this specific Tool has this specific Vulnerability.\n\nFor example, a tool may not have been patched and currently is impacted by a CVE."},
    {"source":["tool"], "relationship_types": "targets", "target":["identity", "infrastructure", "location", "vulnerability"], "description":"This Relationship documents that this Tool is being used to target this Identity, Infrastructure, Location, or exploit the Vulnerability.\n\nFor example, a targets Relationship linking an exploit Tool to a Vulnerability for CVE-2016-0001 means that the tool exploits that vulnerability.\n\nSimilarly, a targets Relationship linking a DDoS Tool to an Identity representing the energy sector means that Tool is typically used against targets in the energy sector."},
    {"source":["tool"], "relationship_types": "uses", "target":["infrastructure"], "description":"This Relationship describes that this Tool uses the related Infrastructure."},
    {"source":["domain-name"], "relationship_types": "resolves-to", "target":["domain-name", "ipv4-addr", "ipv6-addr"], "description":"This Relationship describes that this Domain Name resolves to one or more IP addresses or domain names."},
    {"source":["ipv4-addr"], "relationship_types": "resolves-to", "target":["mac-addr"], "description":"This Relationship describes that this IPv4 Address resolves to one or more Layer 2 Media Access Control (MAC) addresses."},
    {"source":["ipv4-addr"], "relationship_types": "belongs-to", "target":["autonomous-system"], "description":"This Relationship describes that this IPv4 Address belongs to one or more autonomous systems (AS)."},
    {"source":["ipv6-addr"], "relationship_types": "resolves-to", "target":["mac-addr"], "description":"This Relationship describes that this IPv6 Address resolves to one or more Layer 2 Media Access Control (MAC) addresses."},
    {"source":["ipv6-addr"], "relationship_types": "belongs-to", "target":["autonomous-system"], "description":"This Relationship describes that this IPv6 Address belongs to one or more autonomous systems (AS)."}
]