[{"id": "event--d5cd0df5-8a45-4648-9b10-f04059beac0d", "type": "event", "original": {"type": "event", "spec_version": "2.1", "id": "event--d5cd0df5-8a45-4648-9b10-f04059beac0d", "created": "2024-08-21T10:08:45.292Z", "modified": "2024-08-21T10:08:45.292Z", "description": "Suspicious email reported by user", "end_time": "2024-08-21T10:08:45.292Z", "event_types": ["dissemination-phishing-emails"], "name": "Potential Phishing Email", "start_time": "2024-08-21T10:08:45.292Z", "extensions": {"extension-definition--4ca6de00-5b0d-45ef-a1dc-ea7279ea910e": {"extension_type": "new-sdo"}}}, "icon": "event", "name": "Event", "heading": "Event -> Potential Phishing Email, Status -> ", "description": "<br>Suspicious email reported by user"}]