[{"id": "impact--6dfee911-9a94-4f39-b8ef-aafbbd6c7492", "type": "impact", "original": {"type": "impact", "spec_version": "2.1", "id": "impact--6dfee911-9a94-4f39-b8ef-aafbbd6c7492", "created": "2024-08-21T10:09:26.365Z", "modified": "2024-08-21T10:09:26.365Z", "impact_category": "availability", "criticality": 99, "description": "Laptop is stuffed", "end_time": "2024-08-21T10:09:26.365Z", "impacted_entity_counts": {"computers-mobile": 1}, "impacted_refs": ["identity--ae5dae65-41fd-4ac4-aa8a-22415c55ce24"], "recoverability": "regular", "start_time": "2024-08-21T10:09:26.365Z", "extensions": {"availability": {"availability_impact": 99}, "extension-definition--7cc33dd6-f6a1-489b-98ea-522d351d71b9": {"extension_type": "new-sdo"}}}, "icon": "impact-availability", "name": "Availability Impact", "heading": "Availability Impact", "description": "<br>Laptop is stuffed<br>Total Impact ->99<br>Impacted Entities -> <br>Laptop is stuffed<br>Variety -> 99computers-mobile -> 1"}]