[{"id": "incident--f5276e4d-b75b-463b-99af-2d581efea705", "type": "incident", "original": {"type": "incident", "spec_version": "2.1", "id": "incident--f5276e4d-b75b-463b-99af-2d581efea705", "created": "2024-08-21T10:08:44.515Z", "modified": "2024-08-21T10:08:44.515Z", "name": "potential phishing", "extensions": {"extension-definition--ef765651-680c-498d-9894-99799f2fa126": {"extension_type": "property-extension", "investigation_status": "new", "incident_types": ["dissemination-phishing-emails"]}}}, "icon": "incident-ext", "name": "Incident Extension", "heading": "Incident Extension", "description": ""}]