[{"id": "relationship--20bf102b-8822-4063-b0fc-dd8363d98502", "original": {"type": "relationship", "spec_version": "2.1", "id": "relationship--20bf102b-8822-4063-b0fc-dd8363d98502", "created": "2024-08-21T10:08:44.824Z", "modified": "2024-08-21T10:08:44.824Z", "relationship_type": "derived-from", "source_ref": "email-message--6090e3d4-1fa8-5b36-9d2d-4a66d824995d", "target_ref": "url--3279c7de-8f91-5c1a-99d9-d6546c6c41f7"}, "name": "Derived-From", "heading": "Derived-From - SRO", "description": "<br>Result -> Email-Message<br>Raw-Material -> Url", "type": "relationship", "icon": "relationship"}]