[{"name": "belongs-to", "type": "embedded", "source": "email-addr--4722424c-7012-56b0-84d5-01d076fc547b", "target": "user-account--597ad4d4-35ba-585d-8f6d-134a75032f9b", "id": "email-addr--4722424c-7012-56b0-84d5-01d076fc547b-user-account--597ad4d4-35ba-585d-8f6d-134a75032f9b"}, {"name": "email address", "type": "embedded", "source": "identity--ea44a8db-cf67-4743-b193-6ce0ffe54fdb", "target": "email-addr--4722424c-7012-56b0-84d5-01d076fc547b", "id": "identity--ea44a8db-cf67-4743-b193-6ce0ffe54fdb-email-addr--4722424c-7012-56b0-84d5-01d076fc547b"}, {"name": "user account", "type": "embedded", "source": "identity--ea44a8db-cf67-4743-b193-6ce0ffe54fdb", "target": "user-account--597ad4d4-35ba-585d-8f6d-134a75032f9b", "id": "identity--ea44a8db-cf67-4743-b193-6ce0ffe54fdb-user-account--597ad4d4-35ba-585d-8f6d-134a75032f9b"}, {"name": "email address", "type": "embedded", "source": "identity--bd5a21f0-8bed-4111-8ab0-939566907b94", "target": "email-addr--c99b87bd-f0a8-50ca-9f84-68072efc61e3", "id": "identity--bd5a21f0-8bed-4111-8ab0-939566907b94-email-addr--c99b87bd-f0a8-50ca-9f84-68072efc61e3"}, {"name": "user account", "type": "embedded", "source": "identity--bd5a21f0-8bed-4111-8ab0-939566907b94", "target": "user-account--83658594-537d-5c32-b9f0-137354bd9bc3", "id": "identity--bd5a21f0-8bed-4111-8ab0-939566907b94-user-account--83658594-537d-5c32-b9f0-137354bd9bc3"}, {"name": "from", "type": "embedded", "source": "email-message--6090e3d4-1fa8-5b36-9d2d-4a66d824995d", "target": "email-addr--eb38d07e-6ba8-56c1-b107-d4db4aacf212", "id": "email-message--6090e3d4-1fa8-5b36-9d2d-4a66d824995d-email-addr--eb38d07e-6ba8-56c1-b107-d4db4aacf212"}, {"name": "to", "type": "embedded", "source": "email-message--6090e3d4-1fa8-5b36-9d2d-4a66d824995d", "target": "email-addr--4722424c-7012-56b0-84d5-01d076fc547b", "id": "email-message--6090e3d4-1fa8-5b36-9d2d-4a66d824995d-email-addr--4722424c-7012-56b0-84d5-01d076fc547b"}, {"name": "refers-to", "type": "embedded", "source": "observed-data--39fb32f8-97d9-4f62-b084-3726f3dbe56b", "target": "email-addr--eb38d07e-6ba8-56c1-b107-d4db4aacf212", "id": "observed-data--39fb32f8-97d9-4f62-b084-3726f3dbe56b-email-addr--eb38d07e-6ba8-56c1-b107-d4db4aacf212"}, {"name": "refers-to", "type": "embedded", "source": "observed-data--39fb32f8-97d9-4f62-b084-3726f3dbe56b", "target": "user-account--597ad4d4-35ba-585d-8f6d-134a75032f9b", "id": "observed-data--39fb32f8-97d9-4f62-b084-3726f3dbe56b-user-account--597ad4d4-35ba-585d-8f6d-134a75032f9b"}, {"name": "refers-to", "type": "embedded", "source": "observed-data--39fb32f8-97d9-4f62-b084-3726f3dbe56b", "target": "email-addr--4722424c-7012-56b0-84d5-01d076fc547b", "id": "observed-data--39fb32f8-97d9-4f62-b084-3726f3dbe56b-email-addr--4722424c-7012-56b0-84d5-01d076fc547b"}, {"name": "refers-to", "type": "embedded", "source": "observed-data--39fb32f8-97d9-4f62-b084-3726f3dbe56b", "target": "url--3279c7de-8f91-5c1a-99d9-d6546c6c41f7", "id": "observed-data--39fb32f8-97d9-4f62-b084-3726f3dbe56b-url--3279c7de-8f91-5c1a-99d9-d6546c6c41f7"}, {"name": "refers-to", "type": "embedded", "source": "observed-data--39fb32f8-97d9-4f62-b084-3726f3dbe56b", "target": "email-message--6090e3d4-1fa8-5b36-9d2d-4a66d824995d", "id": "observed-data--39fb32f8-97d9-4f62-b084-3726f3dbe56b-email-message--6090e3d4-1fa8-5b36-9d2d-4a66d824995d"}, {"stix-id": "sighting--3b8ee097-281c-4093-85e1-b8e8ee326c27", "type": "sighting", "name": "Sighting of indicator", "source": "sighting--3b8ee097-281c-4093-85e1-b8e8ee326c27", "target": "indicator--198740d5-dde1-4310-8ab4-5c2f82aef6b8", "id": "sighting--3b8ee097-281c-4093-85e1-b8e8ee326c27-indicator--198740d5-dde1-4310-8ab4-5c2f82aef6b8"}, {"stix-id": "sighting--3b8ee097-281c-4093-85e1-b8e8ee326c27", "type": "sighting", "name": "Observed Data", "source": "sighting--3b8ee097-281c-4093-85e1-b8e8ee326c27", "target": "observed-data--39fb32f8-97d9-4f62-b084-3726f3dbe56b", "id": "sighting--3b8ee097-281c-4093-85e1-b8e8ee326c27-observed-data--39fb32f8-97d9-4f62-b084-3726f3dbe56b"}, {"stix-id": "sighting--3b8ee097-281c-4093-85e1-b8e8ee326c27", "type": "sighting", "name": "Where Sighted -> identity", "source": "sighting--3b8ee097-281c-4093-85e1-b8e8ee326c27", "target": "identity--ea44a8db-cf67-4743-b193-6ce0ffe54fdb", "id": "sighting--3b8ee097-281c-4093-85e1-b8e8ee326c27-identity--ea44a8db-cf67-4743-b193-6ce0ffe54fdb"}, {"name": "sequenced object", "type": "embedded", "source": "sequence--116fa166-8cbf-448d-abeb-270c273b6689", "target": "event--d5cd0df5-8a45-4648-9b10-f04059beac0d", "id": "sequence--116fa166-8cbf-448d-abeb-270c273b6689-event--d5cd0df5-8a45-4648-9b10-f04059beac0d"}, {"name": "on completion", "type": "embedded", "source": "sequence--dbbba87a-0da4-4ab1-94f1-4743775497d9", "target": "sequence--116fa166-8cbf-448d-abeb-270c273b6689", "id": "sequence--dbbba87a-0da4-4ab1-94f1-4743775497d9-sequence--116fa166-8cbf-448d-abeb-270c273b6689"}, {"name": "sequenced object", "type": "embedded", "source": "sequence--1675afd7-a278-4f97-b84d-ba2f4414054d", "target": "task--c5a99b50-dae7-4a72-96fe-ec2fabf0ec38", "id": "sequence--1675afd7-a278-4f97-b84d-ba2f4414054d-task--c5a99b50-dae7-4a72-96fe-ec2fabf0ec38"}, {"name": "on completion", "type": "embedded", "source": "sequence--31f18725-b0ff-4460-b4d9-38451c16f5b1", "target": "sequence--1675afd7-a278-4f97-b84d-ba2f4414054d", "id": "sequence--31f18725-b0ff-4460-b4d9-38451c16f5b1-sequence--1675afd7-a278-4f97-b84d-ba2f4414054d"}, {"name": "refers-to", "type": "embedded", "source": "observed-data--f0163c2b-16aa-4673-995a-398adbead8fb", "target": "anecdote--e1298bc0-818e-5cdb-9154-eac37c8e260f", "id": "observed-data--f0163c2b-16aa-4673-995a-398adbead8fb-anecdote--e1298bc0-818e-5cdb-9154-eac37c8e260f"}, {"stix-id": "sighting--c9df6eb8-3e1b-419d-b2e8-6c8dd498fdb9", "type": "sighting", "name": "Sighting of identity", "source": "sighting--c9df6eb8-3e1b-419d-b2e8-6c8dd498fdb9", "target": "identity--ea44a8db-cf67-4743-b193-6ce0ffe54fdb", "id": "sighting--c9df6eb8-3e1b-419d-b2e8-6c8dd498fdb9-identity--ea44a8db-cf67-4743-b193-6ce0ffe54fdb"}, {"stix-id": "sighting--c9df6eb8-3e1b-419d-b2e8-6c8dd498fdb9", "type": "sighting", "name": "Observed Data", "source": "sighting--c9df6eb8-3e1b-419d-b2e8-6c8dd498fdb9", "target": "observed-data--f0163c2b-16aa-4673-995a-398adbead8fb", "id": "sighting--c9df6eb8-3e1b-419d-b2e8-6c8dd498fdb9-observed-data--f0163c2b-16aa-4673-995a-398adbead8fb"}, {"stix-id": "sighting--c9df6eb8-3e1b-419d-b2e8-6c8dd498fdb9", "type": "sighting", "name": "Where Sighted -> identity", "source": "sighting--c9df6eb8-3e1b-419d-b2e8-6c8dd498fdb9", "target": "identity--bd5a21f0-8bed-4111-8ab0-939566907b94", "id": "sighting--c9df6eb8-3e1b-419d-b2e8-6c8dd498fdb9-identity--bd5a21f0-8bed-4111-8ab0-939566907b94"}, {"name": "impacted things", "type": "embedded", "source": "impact--6dfee911-9a94-4f39-b8ef-aafbbd6c7492", "target": "identity--ae5dae65-41fd-4ac4-aa8a-22415c55ce24", "id": "impact--6dfee911-9a94-4f39-b8ef-aafbbd6c7492-identity--ae5dae65-41fd-4ac4-aa8a-22415c55ce24"}, {"name": "sequenced object", "type": "embedded", "source": "sequence--03d3091b-d4ef-413e-883f-7c966146907d", "target": "task--d10615c2-9bea-473c-84d4-241fdd005efe", "id": "sequence--03d3091b-d4ef-413e-883f-7c966146907d-task--d10615c2-9bea-473c-84d4-241fdd005efe"}]