[{"stix-id": "relationship--20bf102b-8822-4063-b0fc-dd8363d98502", "type": "relationship", "name": "derived-from", "source": "email-message--6090e3d4-1fa8-5b36-9d2d-4a66d824995d", "target": "relationship--20bf102b-8822-4063-b0fc-dd8363d98502", "id": "email-message--6090e3d4-1fa8-5b36-9d2d-4a66d824995d-relationship--20bf102b-8822-4063-b0fc-dd8363d98502"}, {"stix-id": "relationship--20bf102b-8822-4063-b0fc-dd8363d98502", "type": "relationship", "name": "derived-from", "source": "relationship--20bf102b-8822-4063-b0fc-dd8363d98502", "target": "url--3279c7de-8f91-5c1a-99d9-d6546c6c41f7", "id": "relationship--20bf102b-8822-4063-b0fc-dd8363d98502-url--3279c7de-8f91-5c1a-99d9-d6546c6c41f7"}]