[{"id": "sequence--dbbba87a-0da4-4ab1-94f1-4743775497d9", "type": "sequence", "original": {"type": "sequence", "spec_version": "2.1", "id": "sequence--dbbba87a-0da4-4ab1-94f1-4743775497d9", "created": "2024-08-21T10:08:45.401Z", "modified": "2024-08-21T10:08:45.401Z", "sequence_type": "event", "step_type": "start_step", "on_completion": "sequence--116fa166-8cbf-448d-abeb-270c273b6689", "extensions": {"extension-definition--be0c7c79-1961-43db-afde-637066a87a64": {"extension_type": "new-sdo"}}}, "icon": "step-terminal", "name": "Start Step", "heading": "Start Step for Event", "description": ""}, {"id": "sequence--31f18725-b0ff-4460-b4d9-38451c16f5b1", "type": "sequence", "original": {"type": "sequence", "spec_version": "2.1", "id": "sequence--31f18725-b0ff-4460-b4d9-38451c16f5b1", "created": "2024-08-21T10:08:45.568Z", "modified": "2024-08-21T10:08:45.568Z", "sequence_type": "task", "step_type": "start_step", "on_completion": "sequence--1675afd7-a278-4f97-b84d-ba2f4414054d", "extensions": {"extension-definition--be0c7c79-1961-43db-afde-637066a87a64": {"extension_type": "new-sdo"}}}, "icon": "step-terminal", "name": "Start Step", "heading": "Start Step for Task", "description": ""}]