[{"id": "sequence--116fa166-8cbf-448d-abeb-270c273b6689", "type": "sequence", "original": {"type": "sequence", "spec_version": "2.1", "id": "sequence--116fa166-8cbf-448d-abeb-270c273b6689", "created": "2024-08-21T10:08:45.354Z", "modified": "2024-08-21T10:08:45.354Z", "sequenced_object": "event--d5cd0df5-8a45-4648-9b10-f04059beac0d", "sequence_type": "event", "step_type": "single_step", "extensions": {"extension-definition--be0c7c79-1961-43db-afde-637066a87a64": {"extension_type": "new-sdo"}}}, "icon": "step-single", "name": "Single Step", "heading": "Single Step for Event", "description": ""}, {"id": "sequence--1675afd7-a278-4f97-b84d-ba2f4414054d", "type": "sequence", "original": {"type": "sequence", "spec_version": "2.1", "id": "sequence--1675afd7-a278-4f97-b84d-ba2f4414054d", "created": "2024-08-21T10:08:45.507Z", "modified": "2024-08-21T10:08:45.507Z", "sequenced_object": "task--c5a99b50-dae7-4a72-96fe-ec2fabf0ec38", "sequence_type": "task", "step_type": "single_step", "extensions": {"extension-definition--be0c7c79-1961-43db-afde-637066a87a64": {"extension_type": "new-sdo"}}}, "icon": "step-single", "name": "Single Step", "heading": "Single Step for Task", "description": ""}, {"id": "sequence--03d3091b-d4ef-413e-883f-7c966146907d", "type": "sequence", "original": {"type": "sequence", "spec_version": "2.1", "id": "sequence--03d3091b-d4ef-413e-883f-7c966146907d", "created": "2024-08-21T10:09:26.559Z", "modified": "2024-08-21T10:09:26.559Z", "sequenced_object": "task--d10615c2-9bea-473c-84d4-241fdd005efe", "sequence_type": "task", "step_type": "single_step", "extensions": {"extension-definition--be0c7c79-1961-43db-afde-637066a87a64": {"extension_type": "new-sdo"}}}, "icon": "step-single", "name": "Single Step", "heading": "Single Step for Task", "description": ""}]