[{"id": "task--c5a99b50-dae7-4a72-96fe-ec2fabf0ec38", "type": "task", "original": {"type": "task", "spec_version": "2.1", "id": "task--c5a99b50-dae7-4a72-96fe-ec2fabf0ec38", "created": "2024-08-21T10:08:45.459Z", "modified": "2024-08-21T10:08:45.459Z", "description": "Suspicious email reported by user", "end_time": "2024-08-21T10:08:45.459Z", "name": "Potential Phishing Email", "start_time": "2024-08-21T10:08:45.459Z", "extensions": {"extension-definition--2074a052-8be4-4932-849e-f5e7798e0030": {"extension_type": "new-sdo"}}}, "icon": "task", "name": "Task", "heading": "Task -> Potential Phishing Email", "description": "<br>Suspicious email reported by user"}, {"id": "task--d10615c2-9bea-473c-84d4-241fdd005efe", "type": "task", "original": {"type": "task", "spec_version": "2.1", "id": "task--d10615c2-9bea-473c-84d4-241fdd005efe", "created": "2024-08-21T10:09:26.441Z", "modified": "2024-08-21T10:09:26.441Z", "description": "Find out who else got the email", "end_time": "2024-08-21T10:09:26.441Z", "name": "Query Exchange Server", "start_time": "2024-08-21T10:09:26.441Z", "extensions": {"extension-definition--2074a052-8be4-4932-849e-f5e7798e0030": {"extension_type": "new-sdo"}}}, "icon": "task", "name": "Task", "heading": "Task -> Query Exchange Server", "description": "<br>Find out who else got the email"}]