[{"id": "identity--ae5dae65-41fd-4ac4-aa8a-22415c55ce24", "type": "identity", "original": {"type": "identity", "spec_version": "2.1", "id": "identity--ae5dae65-41fd-4ac4-aa8a-22415c55ce24", "created": "2024-08-21T10:08:33.440Z", "modified": "2024-08-21T10:08:33.440Z", "name": "HP Laptop 1", "description": "Usr 1's Laptop", "roles": ["laptop"], "identity_class": "asset", "sectors": ["technology"], "external_references": [{"source_name": "HP Ultima 10", "description": "16GB RAM, 1TB SD, Microsoft Windows 11 Professional", "url": "https://mail.echange.microsoft.com", "external_id": "Asset--629456a"}]}, "icon": "identity-asset", "name": "Hardware Asset", "heading": "Hardware Asset - HP Laptop 1", "description": "<br>Usr 1's Laptop<br>HP Ultima 10<br>16GB RAM, 1TB SD, Microsoft Windows 11 Professional"}]