{
    "MD5" : "Specifies the MD5 message digest algorithm. The corresponding hash string for this value MUST be a valid MD5 message digest as defined in [RFC1321].",
    "SHA-1": "Specifies the SHA­-1 (secure-­hash algorithm 1) cryptographic hash function. The corresponding hash string for this value MUST be a valid SHA-1 message digest as defined in [RFC3174].",
    "SHA-256": "Specifies the SHA-­256 cryptographic hash function (part of the SHA­2 family). The corresponding hash string for this value MUST be a valid SHA-256 message digest as defined in [RFC6234].",
    "SHA-512": "Specifies the SHA-­512 cryptographic hash function (part of the SHA­2 family). The corresponding hash string for this value MUST be a valid SHA-512 message digest as defined in [RFC6234].",
    "SHA3-256": "Specifies the SHA3-256 cryptographic hash function. The corresponding hash string for this value MUST be a valid SHA3-256 message digest as defined in [FIPS202].",
    "SHA3-512": "Specifies the SHA3-512 cryptographic hash function. The corresponding hash string for this value MUST be a valid SHA3-512 message digest as defined in [FIPS202].",
    "SSDEEP": "Specifies the ssdeep fuzzy hashing algorithm. The corresponding hash string for this value MUST be a valid piecewise hash as defined in the [SSDEEP] specification.",
    "TLSH" :"Specifies the TLSH fuzzy hashing algorithm. The corresponding hash string for this value MUST be a valid 35 byte long hash as defined in the [TLSH] specification."
}