[{"id": "identity--a5453d80-1e7b-44de-b814-2a5e485cdbb6", "type": "identity", "original": {"type": "identity", "spec_version": "2.1", "id": "identity--a5453d80-1e7b-44de-b814-2a5e485cdbb6", "created": "2024-08-22T07:37:46.385Z", "modified": "2024-08-22T07:37:46.385Z", "name": "HP Laptop 1", "description": "Usr 1's Laptop", "roles": ["laptop"], "identity_class": "asset", "sectors": ["technology"], "external_references": [{"source_name": "HP Ultima 10", "description": "16GB RAM, 1TB SD, Microsoft Windows 11 Professional", "url": "https://mail.echange.microsoft.com", "external_id": "Asset--629456a"}]}, "icon": "identity-asset", "name": "Hardware Asset", "heading": "Hardware Asset - HP Laptop 1", "description": "<br>Usr 1's Laptop<br>HP Ultima 10<br>16GB RAM, 1TB SD, Microsoft Windows 11 Professional"}, {"id": "identity--59d5a78d-8137-4f91-8cef-39eddf083fab", "type": "identity", "original": {"type": "identity", "spec_version": "2.1", "id": "identity--59d5a78d-8137-4f91-8cef-39eddf083fab", "created": "2024-08-22T07:37:46.416Z", "modified": "2024-08-22T07:37:46.416Z", "name": "HP Laptop 2", "description": "Usr 2's Laptop", "roles": ["laptop"], "identity_class": "asset", "sectors": ["technology"], "external_references": [{"source_name": "HP Ultima 10", "description": "16GB RAM, 1TB SD, Microsoft Windows 11 Professional", "url": "https://mail.echange.microsoft.com", "external_id": "Asset--629457ca"}]}, "icon": "identity-asset", "name": "Hardware Asset", "heading": "Hardware Asset - HP Laptop 2", "description": "<br>Usr 2's Laptop<br>HP Ultima 10<br>16GB RAM, 1TB SD, Microsoft Windows 11 Professional"}, {"id": "identity--2e69b0fd-efce-4a94-ad30-90ce13640edb", "type": "identity", "original": {"type": "identity", "spec_version": "2.1", "id": "identity--2e69b0fd-efce-4a94-ad30-90ce13640edb", "created": "2024-08-22T07:37:46.438Z", "modified": "2024-08-22T07:37:46.438Z", "name": "Apple MacBook Pro", "description": "Usr 3's Laptop", "roles": ["laptop"], "identity_class": "asset", "sectors": ["technology"], "external_references": [{"source_name": "Apple MaxBook Pro", "description": "32GB RAM, 1TB SD, Microsoft Windows 11 Professional", "url": "https://our-assets.com", "external_id": "Asset--629457bb"}]}, "icon": "identity-asset", "name": "Hardware Asset", "heading": "Hardware Asset - Apple MacBook Pro", "description": "<br>Usr 3's Laptop<br>Apple MaxBook Pro<br>32GB RAM, 1TB SD, Microsoft Windows 11 Professional"}, {"id": "identity--c5a12e8d-a3a2-459b-b31f-7b6720aff331", "type": "identity", "original": {"type": "identity", "spec_version": "2.1", "id": "identity--c5a12e8d-a3a2-459b-b31f-7b6720aff331", "created": "2024-08-22T07:37:46.461Z", "modified": "2024-08-22T07:37:46.461Z", "name": "Dell Inspiron Pro", "description": "Usr 4's Laptop", "roles": ["laptop"], "identity_class": "asset", "sectors": ["technology"], "external_references": [{"source_name": "Dell Inspiron Pro", "description": "32GB RAM, 1TB SD, Microsoft Windows 11 Professional", "url": "https://our-assets.com", "external_id": "Asset--62945788"}]}, "icon": "identity-asset", "name": "Hardware Asset", "heading": "Hardware Asset - Dell Inspiron Pro", "description": "<br>Usr 4's Laptop<br>Dell Inspiron Pro<br>32GB RAM, 1TB SD, Microsoft Windows 11 Professional"}, {"id": "identity--0a155487-e5dd-407a-86ca-c006f2e30fd5", "type": "identity", "original": {"type": "identity", "spec_version": "2.1", "id": "identity--0a155487-e5dd-407a-86ca-c006f2e30fd5", "created": "2024-08-22T07:37:46.482Z", "modified": "2024-08-22T07:37:46.482Z", "name": "ZScaler Pro", "description": "Usr 5's Laptop", "roles": ["laptop"], "identity_class": "asset", "sectors": ["technology"], "external_references": [{"source_name": "ZScaler Pro", "description": "32GB RAM, 1TB SD, Microsoft Windows 11 Professional", "url": "https://our-assets.com", "external_id": "Asset--62945788"}]}, "icon": "identity-asset", "name": "Hardware Asset", "heading": "Hardware Asset - ZScaler Pro", "description": "<br>Usr 5's Laptop<br>ZScaler Pro<br>32GB RAM, 1TB SD, Microsoft Windows 11 Professional"}]