[{"id": "identity--bfcb1f6e-b76c-442b-8ac5-9bf45e32b0aa", "type": "identity", "original": {"type": "identity", "spec_version": "2.1", "id": "identity--bfcb1f6e-b76c-442b-8ac5-9bf45e32b0aa", "created": "2024-08-22T07:37:45.565Z", "modified": "2024-08-22T07:37:45.565Z", "name": "Example Company", "description": "An Example Organisation", "identity_class": "organization", "sectors": ["technology"]}, "icon": "identity-organization", "name": "Organization", "heading": "Organization - Example Company", "description": "<br>An Example Organisation"}]