[{"name": "belongs-to", "type": "embedded", "source": "email-addr--4722424c-7012-56b0-84d5-01d076fc547b", "target": "user-account--597ad4d4-35ba-585d-8f6d-134a75032f9b", "id": "email-addr--4722424c-7012-56b0-84d5-01d076fc547b-user-account--597ad4d4-35ba-585d-8f6d-134a75032f9b"}, {"name": "email address", "type": "embedded", "source": "identity--c8a60730-4fa0-4da0-90b2-5d1b548a35aa", "target": "email-addr--4722424c-7012-56b0-84d5-01d076fc547b", "id": "identity--c8a60730-4fa0-4da0-90b2-5d1b548a35aa-email-addr--4722424c-7012-56b0-84d5-01d076fc547b"}, {"name": "user account", "type": "embedded", "source": "identity--c8a60730-4fa0-4da0-90b2-5d1b548a35aa", "target": "user-account--597ad4d4-35ba-585d-8f6d-134a75032f9b", "id": "identity--c8a60730-4fa0-4da0-90b2-5d1b548a35aa-user-account--597ad4d4-35ba-585d-8f6d-134a75032f9b"}, {"name": "belongs-to", "type": "embedded", "source": "email-addr--b0708db8-71e9-50f9-950c-610fccd2c30b", "target": "user-account--5c0dcb9b-5784-5aaf-b393-d990a4d68dd3", "id": "email-addr--b0708db8-71e9-50f9-950c-610fccd2c30b-user-account--5c0dcb9b-5784-5aaf-b393-d990a4d68dd3"}, {"name": "email address", "type": "embedded", "source": "identity--a2ccefd7-540b-4bb9-833f-64068caaae26", "target": "email-addr--b0708db8-71e9-50f9-950c-610fccd2c30b", "id": "identity--a2ccefd7-540b-4bb9-833f-64068caaae26-email-addr--b0708db8-71e9-50f9-950c-610fccd2c30b"}, {"name": "user account", "type": "embedded", "source": "identity--a2ccefd7-540b-4bb9-833f-64068caaae26", "target": "user-account--5c0dcb9b-5784-5aaf-b393-d990a4d68dd3", "id": "identity--a2ccefd7-540b-4bb9-833f-64068caaae26-user-account--5c0dcb9b-5784-5aaf-b393-d990a4d68dd3"}, {"name": "belongs-to", "type": "embedded", "source": "email-addr--72fa6570-cce5-5be5-916d-452de0e1adb5", "target": "user-account--113460bd-67f7-5611-bbbb-158d5c45255e", "id": "email-addr--72fa6570-cce5-5be5-916d-452de0e1adb5-user-account--113460bd-67f7-5611-bbbb-158d5c45255e"}, {"name": "email address", "type": "embedded", "source": "identity--54990c88-7978-447f-a94c-a14173b14981", "target": "email-addr--72fa6570-cce5-5be5-916d-452de0e1adb5", "id": "identity--54990c88-7978-447f-a94c-a14173b14981-email-addr--72fa6570-cce5-5be5-916d-452de0e1adb5"}, {"name": "user account", "type": "embedded", "source": "identity--54990c88-7978-447f-a94c-a14173b14981", "target": "user-account--113460bd-67f7-5611-bbbb-158d5c45255e", "id": "identity--54990c88-7978-447f-a94c-a14173b14981-user-account--113460bd-67f7-5611-bbbb-158d5c45255e"}, {"name": "belongs-to", "type": "embedded", "source": "email-addr--b8048a91-def8-5ef7-8cd3-a7b3db9278e5", "target": "user-account--2b87df75-b95c-5808-bcc7-f6d23471b9b4", "id": "email-addr--b8048a91-def8-5ef7-8cd3-a7b3db9278e5-user-account--2b87df75-b95c-5808-bcc7-f6d23471b9b4"}, {"name": "email address", "type": "embedded", "source": "identity--4bc3b827-10cf-4960-a866-e6cb870afd17", "target": "email-addr--b8048a91-def8-5ef7-8cd3-a7b3db9278e5", "id": "identity--4bc3b827-10cf-4960-a866-e6cb870afd17-email-addr--b8048a91-def8-5ef7-8cd3-a7b3db9278e5"}, {"name": "user account", "type": "embedded", "source": "identity--4bc3b827-10cf-4960-a866-e6cb870afd17", "target": "user-account--2b87df75-b95c-5808-bcc7-f6d23471b9b4", "id": "identity--4bc3b827-10cf-4960-a866-e6cb870afd17-user-account--2b87df75-b95c-5808-bcc7-f6d23471b9b4"}, {"name": "belongs-to", "type": "embedded", "source": "email-addr--30d9a416-203b-55c8-b796-8eb65ab5275e", "target": "user-account--9a5926a5-b2e9-56c0-82fd-3c858bf14832", "id": "email-addr--30d9a416-203b-55c8-b796-8eb65ab5275e-user-account--9a5926a5-b2e9-56c0-82fd-3c858bf14832"}, {"name": "email address", "type": "embedded", "source": "identity--e411e0c9-a05c-4555-affd-c71b4335ea66", "target": "email-addr--30d9a416-203b-55c8-b796-8eb65ab5275e", "id": "identity--e411e0c9-a05c-4555-affd-c71b4335ea66-email-addr--30d9a416-203b-55c8-b796-8eb65ab5275e"}, {"name": "user account", "type": "embedded", "source": "identity--e411e0c9-a05c-4555-affd-c71b4335ea66", "target": "user-account--9a5926a5-b2e9-56c0-82fd-3c858bf14832", "id": "identity--e411e0c9-a05c-4555-affd-c71b4335ea66-user-account--9a5926a5-b2e9-56c0-82fd-3c858bf14832"}]