[{"id": "identity--cf9535e1-6d66-4657-a512-7e9a2cd70f17", "type": "identity", "original": {"type": "identity", "spec_version": "2.1", "id": "identity--cf9535e1-6d66-4657-a512-7e9a2cd70f17", "created": "2024-08-22T07:37:46.324Z", "modified": "2024-08-22T07:37:46.324Z", "name": "Microsoft Exchange", "description": "My Local Exchange Server", "roles": ["server"], "identity_class": "system", "sectors": ["technology"], "external_references": [{"source_name": "Exchange Server", "description": "our email server", "url": "https://mail.echange.microsoft.com", "external_id": "admin"}]}, "icon": "identity-system", "name": "Software System", "heading": "Software System - Microsoft Exchange", "description": "<br>My Local Exchange Server<br>Exchange Server<br>our email server"}]