[{"id": "user-account--597ad4d4-35ba-585d-8f6d-134a75032f9b", "type": "user-account", "original": {"type": "user-account", "spec_version": "2.1", "id": "user-account--597ad4d4-35ba-585d-8f6d-134a75032f9b", "user_id": "79563902", "account_login": "nsmith", "account_type": "sales,", "display_name": "Naive Smith"}, "icon": "user-account", "name": "User Account", "heading": "User Account", "description": "<br>Display Name -> Naive Smith<br>Account Type -> sales,, User ID -> 79563902<br>Login String ->nsmith"}, {"id": "email-addr--4722424c-7012-56b0-84d5-01d076fc547b", "type": "email-addr", "original": {"type": "email-addr", "spec_version": "2.1", "id": "email-addr--4722424c-7012-56b0-84d5-01d076fc547b", "value": "naive@example.com", "display_name": "Naive Smith", "belongs_to_ref": "user-account--597ad4d4-35ba-585d-8f6d-134a75032f9b"}, "icon": "email-addr", "name": "Email Address", "heading": "Email Address -> Naive Smith", "description": "<br>Value -> naive@example.com"}, {"id": "identity--c8a60730-4fa0-4da0-90b2-5d1b548a35aa", "type": "identity", "original": {"type": "identity", "spec_version": "2.1", "id": "identity--c8a60730-4fa0-4da0-90b2-5d1b548a35aa", "created": "2024-08-22T07:37:45.645Z", "modified": "2024-08-22T07:37:45.645Z", "name": "Naive Smith", "description": "A Naive Individual", "roles": ["user", "sales"], "identity_class": "individual", "sectors": ["technology"], "extensions": {"extension-definition--66e2492a-bbd3-4be6-88f5-cc91a017a498": {"extension_type": "property-extension", "contact_numbers": [{"contact_number_type": "work-phone", "contact_number": "0499-999-109"}], "email_addresses": [{"digital_contact_type": "work", "email_address_ref": "email-addr--4722424c-7012-56b0-84d5-01d076fc547b"}], "first_name": "Naive", "last_name": "Smith", "middle_name": "Weakling", "prefix": "Mr", "social_media_accounts": [{"digital_contact_type": "work", "user_account_ref": "user-account--597ad4d4-35ba-585d-8f6d-134a75032f9b"}], "team": "Sales"}}}, "icon": "identity-contact", "name": "Individual", "heading": "Individual - Naive Smith", "description": "<br>A Naive Individual"}, {"id": "user-account--5c0dcb9b-5784-5aaf-b393-d990a4d68dd3", "type": "user-account", "original": {"type": "user-account", "spec_version": "2.1", "id": "user-account--5c0dcb9b-5784-5aaf-b393-d990a4d68dd3", "user_id": "79563143", "account_login": "sbilly", "account_type": "sales,", "display_name": "Strange Billy"}, "icon": "user-account", "name": "User Account", "heading": "User Account", "description": "<br>Display Name -> Strange Billy<br>Account Type -> sales,, User ID -> 79563143<br>Login String ->sbilly"}, {"id": "email-addr--b0708db8-71e9-50f9-950c-610fccd2c30b", "type": "email-addr", "original": {"type": "email-addr", "spec_version": "2.1", "id": "email-addr--b0708db8-71e9-50f9-950c-610fccd2c30b", "value": "sbilly@example.com", "display_name": "Strange Billy", "belongs_to_ref": "user-account--5c0dcb9b-5784-5aaf-b393-d990a4d68dd3"}, "icon": "email-addr", "name": "Email Address", "heading": "Email Address -> Strange Billy", "description": "<br>Value -> sbilly@example.com"}, {"id": "identity--a2ccefd7-540b-4bb9-833f-64068caaae26", "type": "identity", "original": {"type": "identity", "spec_version": "2.1", "id": "identity--a2ccefd7-540b-4bb9-833f-64068caaae26", "created": "2024-08-22T07:37:45.770Z", "modified": "2024-08-22T07:37:45.770Z", "name": "Strange", "description": "A Strange Individual", "roles": ["user", "sales"], "identity_class": "individual", "sectors": ["technology"], "extensions": {"extension-definition--66e2492a-bbd3-4be6-88f5-cc91a017a498": {"extension_type": "property-extension", "contact_numbers": [{"contact_number_type": "work-phone", "contact_number": "0422-222-122"}], "email_addresses": [{"digital_contact_type": "work", "email_address_ref": "email-addr--b0708db8-71e9-50f9-950c-610fccd2c30b"}], "first_name": "Strange", "last_name": "Billy", "middle_name": "One", "prefix": "Mr", "social_media_accounts": [{"digital_contact_type": "work", "user_account_ref": "user-account--5c0dcb9b-5784-5aaf-b393-d990a4d68dd3"}], "team": "Sales"}}}, "icon": "identity-contact", "name": "Individual", "heading": "Individual - Strange", "description": "<br>A Strange Individual"}, {"id": "user-account--113460bd-67f7-5611-bbbb-158d5c45255e", "type": "user-account", "original": {"type": "user-account", "spec_version": "2.1", "id": "user-account--113460bd-67f7-5611-bbbb-158d5c45255e", "user_id": "79563902", "account_login": "wwhilly", "account_type": "sales,", "display_name": "Whooping Whilly"}, "icon": "user-account", "name": "User Account", "heading": "User Account", "description": "<br>Display Name -> Whooping Whilly<br>Account Type -> sales,, User ID -> 79563902<br>Login String ->wwhilly"}, {"id": "email-addr--72fa6570-cce5-5be5-916d-452de0e1adb5", "type": "email-addr", "original": {"type": "email-addr", "spec_version": "2.1", "id": "email-addr--72fa6570-cce5-5be5-916d-452de0e1adb5", "value": "wwhilly@example.com", "display_name": "Whooping Willy", "belongs_to_ref": "user-account--113460bd-67f7-5611-bbbb-158d5c45255e"}, "icon": "email-addr", "name": "Email Address", "heading": "Email Address -> Whooping Willy", "description": "<br>Value -> wwhilly@example.com"}, {"id": "identity--54990c88-7978-447f-a94c-a14173b14981", "type": "identity", "original": {"type": "identity", "spec_version": "2.1", "id": "identity--54990c88-7978-447f-a94c-a14173b14981", "created": "2024-08-22T07:37:45.917Z", "modified": "2024-08-22T07:37:45.917Z", "name": "Whooping", "description": "A Whooping Individual", "roles": ["user", "sales"], "identity_class": "individual", "sectors": ["technology"], "extensions": {"extension-definition--66e2492a-bbd3-4be6-88f5-cc91a017a498": {"extension_type": "property-extension", "contact_numbers": [{"contact_number_type": "work-phone", "contact_number": "0455-555-155"}], "email_addresses": [{"digital_contact_type": "work", "email_address_ref": "email-addr--72fa6570-cce5-5be5-916d-452de0e1adb5"}], "first_name": "Whooping", "last_name": "Whilly", "middle_name": "Wee", "prefix": "Mr", "social_media_accounts": [{"digital_contact_type": "work", "user_account_ref": "user-account--113460bd-67f7-5611-bbbb-158d5c45255e"}], "team": "Sales"}}}, "icon": "identity-contact", "name": "Individual", "heading": "Individual - Whooping", "description": "<br>A Whooping Individual"}, {"id": "user-account--2b87df75-b95c-5808-bcc7-f6d23471b9b4", "type": "user-account", "original": {"type": "user-account", "spec_version": "2.1", "id": "user-account--2b87df75-b95c-5808-bcc7-f6d23471b9b4", "user_id": "79563902", "account_login": "sguy", "account_type": "sales,", "display_name": "strange guy"}, "icon": "user-account", "name": "User Account", "heading": "User Account", "description": "<br>Display Name -> strange guy<br>Account Type -> sales,, User ID -> 79563902<br>Login String ->sguy"}, {"id": "email-addr--b8048a91-def8-5ef7-8cd3-a7b3db9278e5", "type": "email-addr", "original": {"type": "email-addr", "spec_version": "2.1", "id": "email-addr--b8048a91-def8-5ef7-8cd3-a7b3db9278e5", "value": "strange@mycompany.com", "display_name": "Strange Guy", "belongs_to_ref": "user-account--2b87df75-b95c-5808-bcc7-f6d23471b9b4"}, "icon": "email-addr", "name": "Email Address", "heading": "Email Address -> Strange Guy", "description": "<br>Value -> strange@mycompany.com"}, {"id": "identity--4bc3b827-10cf-4960-a866-e6cb870afd17", "type": "identity", "original": {"type": "identity", "spec_version": "2.1", "id": "identity--4bc3b827-10cf-4960-a866-e6cb870afd17", "created": "2024-08-22T07:37:46.68Z", "modified": "2024-08-22T07:37:46.68Z", "name": "Strange", "description": "A Strange Individual", "roles": ["user", "sales"], "identity_class": "individual", "sectors": ["technology"], "extensions": {"extension-definition--66e2492a-bbd3-4be6-88f5-cc91a017a498": {"extension_type": "property-extension", "contact_numbers": [{"contact_number_type": "work-phone", "contact_number": "0455-555-155"}], "email_addresses": [{"digital_contact_type": "work", "email_address_ref": "email-addr--b8048a91-def8-5ef7-8cd3-a7b3db9278e5"}], "first_name": "Strange", "last_name": "Guy", "middle_name": "Wee", "prefix": "Mr", "social_media_accounts": [{"digital_contact_type": "work", "user_account_ref": "user-account--2b87df75-b95c-5808-bcc7-f6d23471b9b4"}], "team": "Sales"}}}, "icon": "identity-contact", "name": "Individual", "heading": "Individual - Strange", "description": "<br>A Strange Individual"}, {"id": "user-account--9a5926a5-b2e9-56c0-82fd-3c858bf14832", "type": "user-account", "original": {"type": "user-account", "spec_version": "2.1", "id": "user-account--9a5926a5-b2e9-56c0-82fd-3c858bf14832", "user_id": "79563902", "account_login": "dguy", "account_type": "sales,", "display_name": "dumbo guy"}, "icon": "user-account", "name": "User Account", "heading": "User Account", "description": "<br>Display Name -> dumbo guy<br>Account Type -> sales,, User ID -> 79563902<br>Login String ->dguy"}, {"id": "email-addr--30d9a416-203b-55c8-b796-8eb65ab5275e", "type": "email-addr", "original": {"type": "email-addr", "spec_version": "2.1", "id": "email-addr--30d9a416-203b-55c8-b796-8eb65ab5275e", "value": "dumbo@mycompany.com", "display_name": "Strange Guy", "belongs_to_ref": "user-account--9a5926a5-b2e9-56c0-82fd-3c858bf14832"}, "icon": "email-addr", "name": "Email Address", "heading": "Email Address -> Strange Guy", "description": "<br>Value -> dumbo@mycompany.com"}, {"id": "identity--e411e0c9-a05c-4555-affd-c71b4335ea66", "type": "identity", "original": {"type": "identity", "spec_version": "2.1", "id": "identity--e411e0c9-a05c-4555-affd-c71b4335ea66", "created": "2024-08-22T07:37:46.229Z", "modified": "2024-08-22T07:37:46.229Z", "name": "Dumbo", "description": "A Dumb Individual", "roles": ["user", "sales"], "identity_class": "individual", "sectors": ["technology"], "extensions": {"extension-definition--66e2492a-bbd3-4be6-88f5-cc91a017a498": {"extension_type": "property-extension", "contact_numbers": [{"contact_number_type": "work-phone", "contact_number": "0455-555-155"}], "email_addresses": [{"digital_contact_type": "work", "email_address_ref": "email-addr--30d9a416-203b-55c8-b796-8eb65ab5275e"}], "first_name": "Dumbo", "last_name": "Guy", "middle_name": "Waxed", "prefix": "Mr", "social_media_accounts": [{"digital_contact_type": "work", "user_account_ref": "user-account--9a5926a5-b2e9-56c0-82fd-3c858bf14832"}], "team": "Sales"}}}, "icon": "identity-contact", "name": "Individual", "heading": "Individual - Dumbo", "description": "<br>A Dumb Individual"}]