[{"id": "identity--cfaba29d-fa38-45d9-98e6-ebb9feb3c22c", "type": "identity", "original": {"type": "identity", "spec_version": "2.1", "id": "identity--cfaba29d-fa38-45d9-98e6-ebb9feb3c22c", "created": "2025-02-11T00:49:43.915Z", "modified": "2025-02-11T00:49:43.915Z", "name": "HP Laptop 1", "description": "Usr 1's Laptop", "roles": ["laptop"], "identity_class": "asset", "sectors": ["technology"], "external_references": [{"source_name": "HP Ultima 10", "description": "16GB RAM, 1TB SD, Microsoft Windows 11 Professional", "url": "https://mail.echange.microsoft.com", "external_id": "Asset--629456a"}]}, "icon": "identity-asset", "name": "Hardware Asset", "heading": "Hardware Asset - HP Laptop 1", "description": "<br>Usr 1's Laptop<br>HP Ultima 10<br>16GB RAM, 1TB SD, Microsoft Windows 11 Professional", "object_form": "identity", "object_group": "sdo-forms", "object_family": "stix-forms"}, {"id": "identity--8045c402-7399-408e-ab0f-42d2636ab4c0", "type": "identity", "original": {"type": "identity", "spec_version": "2.1", "id": "identity--8045c402-7399-408e-ab0f-42d2636ab4c0", "created": "2025-02-11T00:49:43.949Z", "modified": "2025-02-11T00:49:43.949Z", "name": "HP Laptop 2", "description": "Usr 2's Laptop", "roles": ["laptop"], "identity_class": "asset", "sectors": ["technology"], "external_references": [{"source_name": "HP Ultima 10", "description": "16GB RAM, 1TB SD, Microsoft Windows 11 Professional", "url": "https://mail.echange.microsoft.com", "external_id": "Asset--629457ca"}]}, "icon": "identity-asset", "name": "Hardware Asset", "heading": "Hardware Asset - HP Laptop 2", "description": "<br>Usr 2's Laptop<br>HP Ultima 10<br>16GB RAM, 1TB SD, Microsoft Windows 11 Professional", "object_form": "identity", "object_group": "sdo-forms", "object_family": "stix-forms"}, {"id": "identity--5fa998a2-d297-4a3f-8e59-e7175d3c42ac", "type": "identity", "original": {"type": "identity", "spec_version": "2.1", "id": "identity--5fa998a2-d297-4a3f-8e59-e7175d3c42ac", "created": "2025-02-11T00:49:43.982Z", "modified": "2025-02-11T00:49:43.982Z", "name": "Apple MacBook Pro", "description": "Usr 3's Laptop", "roles": ["laptop"], "identity_class": "asset", "sectors": ["technology"], "external_references": [{"source_name": "Apple MaxBook Pro", "description": "32GB RAM, 1TB SD, Microsoft Windows 11 Professional", "url": "https://our-assets.com", "external_id": "Asset--629457bb"}]}, "icon": "identity-asset", "name": "Hardware Asset", "heading": "Hardware Asset - Apple MacBook Pro", "description": "<br>Usr 3's Laptop<br>Apple MaxBook Pro<br>32GB RAM, 1TB SD, Microsoft Windows 11 Professional", "object_form": "identity", "object_group": "sdo-forms", "object_family": "stix-forms"}, {"id": "identity--42259b82-56f9-4620-9d66-2264ea94589d", "type": "identity", "original": {"type": "identity", "spec_version": "2.1", "id": "identity--42259b82-56f9-4620-9d66-2264ea94589d", "created": "2025-02-11T00:49:44.24Z", "modified": "2025-02-11T00:49:44.24Z", "name": "Dell Inspiron Pro", "description": "Usr 4's Laptop", "roles": ["laptop"], "identity_class": "asset", "sectors": ["technology"], "external_references": [{"source_name": "Dell Inspiron Pro", "description": "32GB RAM, 1TB SD, Microsoft Windows 11 Professional", "url": "https://our-assets.com", "external_id": "Asset--62945788"}]}, "icon": "identity-asset", "name": "Hardware Asset", "heading": "Hardware Asset - Dell Inspiron Pro", "description": "<br>Usr 4's Laptop<br>Dell Inspiron Pro<br>32GB RAM, 1TB SD, Microsoft Windows 11 Professional", "object_form": "identity", "object_group": "sdo-forms", "object_family": "stix-forms"}, {"id": "identity--c0cad2cd-6307-47d7-8b58-01d4a1907d8b", "type": "identity", "original": {"type": "identity", "spec_version": "2.1", "id": "identity--c0cad2cd-6307-47d7-8b58-01d4a1907d8b", "created": "2025-02-11T00:49:44.56Z", "modified": "2025-02-11T00:49:44.56Z", "name": "ZScaler Pro", "description": "Usr 5's Laptop", "roles": ["laptop"], "identity_class": "asset", "sectors": ["technology"], "external_references": [{"source_name": "ZScaler Pro", "description": "32GB RAM, 1TB SD, Microsoft Windows 11 Professional", "url": "https://our-assets.com", "external_id": "Asset--62945788"}]}, "icon": "identity-asset", "name": "Hardware Asset", "heading": "Hardware Asset - ZScaler Pro", "description": "<br>Usr 5's Laptop<br>ZScaler Pro<br>32GB RAM, 1TB SD, Microsoft Windows 11 Professional", "object_form": "identity", "object_group": "sdo-forms", "object_family": "stix-forms"}]