[{"id": "identity--61aff3ae-ecd6-4d39-8e77-a3bc3343898d", "type": "identity", "original": {"type": "identity", "spec_version": "2.1", "id": "identity--61aff3ae-ecd6-4d39-8e77-a3bc3343898d", "created": "2025-02-11T00:49:42.943Z", "modified": "2025-02-11T00:49:42.943Z", "name": "Example Company", "description": "An Example Organisation", "identity_class": "organization", "sectors": ["technology"]}, "icon": "identity-organization", "name": "Organization", "heading": "Organization - Example Company", "description": "<br>An Example Organisation", "object_form": "identity", "object_group": "sdo-forms", "object_family": "stix-forms"}]