[{"name": "belongs-to", "type": "embedded", "source": "email-addr--4722424c-7012-56b0-84d5-01d076fc547b", "target": "user-account--597ad4d4-35ba-585d-8f6d-134a75032f9b", "id": "email-addr--4722424c-7012-56b0-84d5-01d076fc547b-user-account--597ad4d4-35ba-585d-8f6d-134a75032f9b"}, {"name": "email address", "type": "embedded", "source": "identity--d6d2d683-eb10-4eec-b5f6-13e631bae308", "target": "email-addr--4722424c-7012-56b0-84d5-01d076fc547b", "id": "identity--d6d2d683-eb10-4eec-b5f6-13e631bae308-email-addr--4722424c-7012-56b0-84d5-01d076fc547b"}, {"name": "user account", "type": "embedded", "source": "identity--d6d2d683-eb10-4eec-b5f6-13e631bae308", "target": "user-account--597ad4d4-35ba-585d-8f6d-134a75032f9b", "id": "identity--d6d2d683-eb10-4eec-b5f6-13e631bae308-user-account--597ad4d4-35ba-585d-8f6d-134a75032f9b"}, {"name": "belongs-to", "type": "embedded", "source": "email-addr--b0708db8-71e9-50f9-950c-610fccd2c30b", "target": "user-account--5c0dcb9b-5784-5aaf-b393-d990a4d68dd3", "id": "email-addr--b0708db8-71e9-50f9-950c-610fccd2c30b-user-account--5c0dcb9b-5784-5aaf-b393-d990a4d68dd3"}, {"name": "email address", "type": "embedded", "source": "identity--fd2789cc-4c24-4928-8d38-168111f0d7f7", "target": "email-addr--b0708db8-71e9-50f9-950c-610fccd2c30b", "id": "identity--fd2789cc-4c24-4928-8d38-168111f0d7f7-email-addr--b0708db8-71e9-50f9-950c-610fccd2c30b"}, {"name": "user account", "type": "embedded", "source": "identity--fd2789cc-4c24-4928-8d38-168111f0d7f7", "target": "user-account--5c0dcb9b-5784-5aaf-b393-d990a4d68dd3", "id": "identity--fd2789cc-4c24-4928-8d38-168111f0d7f7-user-account--5c0dcb9b-5784-5aaf-b393-d990a4d68dd3"}, {"name": "belongs-to", "type": "embedded", "source": "email-addr--72fa6570-cce5-5be5-916d-452de0e1adb5", "target": "user-account--113460bd-67f7-5611-bbbb-158d5c45255e", "id": "email-addr--72fa6570-cce5-5be5-916d-452de0e1adb5-user-account--113460bd-67f7-5611-bbbb-158d5c45255e"}, {"name": "email address", "type": "embedded", "source": "identity--e71f7f8b-1080-4987-a318-d634f10a4bdb", "target": "email-addr--72fa6570-cce5-5be5-916d-452de0e1adb5", "id": "identity--e71f7f8b-1080-4987-a318-d634f10a4bdb-email-addr--72fa6570-cce5-5be5-916d-452de0e1adb5"}, {"name": "user account", "type": "embedded", "source": "identity--e71f7f8b-1080-4987-a318-d634f10a4bdb", "target": "user-account--113460bd-67f7-5611-bbbb-158d5c45255e", "id": "identity--e71f7f8b-1080-4987-a318-d634f10a4bdb-user-account--113460bd-67f7-5611-bbbb-158d5c45255e"}, {"name": "belongs-to", "type": "embedded", "source": "email-addr--b8048a91-def8-5ef7-8cd3-a7b3db9278e5", "target": "user-account--2b87df75-b95c-5808-bcc7-f6d23471b9b4", "id": "email-addr--b8048a91-def8-5ef7-8cd3-a7b3db9278e5-user-account--2b87df75-b95c-5808-bcc7-f6d23471b9b4"}, {"name": "email address", "type": "embedded", "source": "identity--6e08a5b1-b089-4351-bee3-810736a4d6e8", "target": "email-addr--b8048a91-def8-5ef7-8cd3-a7b3db9278e5", "id": "identity--6e08a5b1-b089-4351-bee3-810736a4d6e8-email-addr--b8048a91-def8-5ef7-8cd3-a7b3db9278e5"}, {"name": "user account", "type": "embedded", "source": "identity--6e08a5b1-b089-4351-bee3-810736a4d6e8", "target": "user-account--2b87df75-b95c-5808-bcc7-f6d23471b9b4", "id": "identity--6e08a5b1-b089-4351-bee3-810736a4d6e8-user-account--2b87df75-b95c-5808-bcc7-f6d23471b9b4"}, {"name": "belongs-to", "type": "embedded", "source": "email-addr--30d9a416-203b-55c8-b796-8eb65ab5275e", "target": "user-account--9a5926a5-b2e9-56c0-82fd-3c858bf14832", "id": "email-addr--30d9a416-203b-55c8-b796-8eb65ab5275e-user-account--9a5926a5-b2e9-56c0-82fd-3c858bf14832"}, {"name": "email address", "type": "embedded", "source": "identity--3ad6814c-96f6-4c1d-b7db-4e65e4c629a5", "target": "email-addr--30d9a416-203b-55c8-b796-8eb65ab5275e", "id": "identity--3ad6814c-96f6-4c1d-b7db-4e65e4c629a5-email-addr--30d9a416-203b-55c8-b796-8eb65ab5275e"}, {"name": "user account", "type": "embedded", "source": "identity--3ad6814c-96f6-4c1d-b7db-4e65e4c629a5", "target": "user-account--9a5926a5-b2e9-56c0-82fd-3c858bf14832", "id": "identity--3ad6814c-96f6-4c1d-b7db-4e65e4c629a5-user-account--9a5926a5-b2e9-56c0-82fd-3c858bf14832"}]