[{"id": "identity--ccbab01e-d4c1-4744-9a16-fbfd92affc2d", "type": "identity", "original": {"type": "identity", "spec_version": "2.1", "id": "identity--ccbab01e-d4c1-4744-9a16-fbfd92affc2d", "created": "2025-02-11T00:49:43.883Z", "modified": "2025-02-11T00:49:43.883Z", "name": "Microsoft Exchange", "description": "My Local Exchange Server", "roles": ["server"], "identity_class": "system", "sectors": ["technology"], "external_references": [{"source_name": "Exchange Server", "description": "our email server", "url": "https://mail.echange.microsoft.com", "external_id": "admin"}]}, "icon": "identity-system", "name": "Software System", "heading": "Software System - Microsoft Exchange", "description": "<br>My Local Exchange Server<br>Exchange Server<br>our email server", "object_form": "identity", "object_group": "sdo-forms", "object_family": "stix-forms"}]