{
    "SOCK_STREAM": "Specifies a pipe-like socket which operates over a connection with a particular remote socket and transmits data reliably as a stream of bytes.",
    "SOCK_DGRAM": "Specifies a socket in which individually-addressed packets are sent (datagram).",
    "SOCK_RAW": "Specifies raw sockets which allow new IP protocols to be implemented in user space. A raw socket receives or sends the raw datagram not including link level headers.",
    "SOCK_RDM": "Specifies a socket indicating a reliably-delivered message.",
    "SOCK_SEQPACKET": "Specifies a datagram congestion control protocol socket."
}