{
    "REG_NONE": "No defined value type.",
    "REG_SZ": "A null-terminated string. This will be either a Unicode or an ANSI string, depending on whether you use the Unicode or ANSI functions.",
    "REG_EXPAND_SZ": "A null-terminated string that contains unexpanded references to environment variables (for example, '%PATH%'). It will be a Unicode or ANSI string depending on whether you use the Unicode or ANSI functions.",
    "REG_BINARY": "Binary data in any form.",
    "REG_DWORD": "A 32-bit number.",
    "REG_DWORD_BIG_ENDIAN": "A 32-bit number in big-endian format.",
    "REG_DWORD_LITTLE_ENDIAN": "A 32-bit number in little-endian format.",
    "REG_LINK": "A null-terminated Unicode string that contains the target path of a symbolic link.",
    "REG_MULTI_SZ": "A sequence of null-terminated strings, terminated by an empty string (\\0).",
    "REG_RESOURCE_LIST": "A series of nested lists designed to store a resource list used by a hardware device driver or one of the physical devices it controls. This data is detected and written into the ResourceMap tree by the system and is displayed in Registry Editor in hexadecimal format as a Binary Value.",
    "REG_FULL_RESOURCE_DESCRIPTION": "A series of nested lists designed to store a resource list used by a physical hardware device. This data is detected and written into the HardwareDescription tree by the system and is displayed in Registry Editor in hexadecimal format as a Binary Value.",
    "REG_RESOURCE_REQUIREMENTS_LIST": "Device driver list of hardware resource requirements in Resource Map tree.",
    "REG_QWORD": "A 64-bit number.",
    "REG_INVALID_TYPE": "Specifies an invalid key."
}