[{"id": "user-account--83658594-537d-5c32-b9f0-137354bd9bc3", "type": "user-account", "original": {"type": "user-account", "spec_version": "2.1", "id": "user-account--83658594-537d-5c32-b9f0-137354bd9bc3", "user_id": "79563902", "account_login": "tjones", "account_type": "soc,", "display_name": "Trusty Jones"}, "icon": "user-account", "name": "User Account", "heading": "User Account", "description": "<br>Display Name -> Trusty Jones<br>Account Type -> soc,, User ID -> 79563902<br>Login String ->tjones", "object_form": "user-account", "object_group": "sco-forms", "object_family": "stix-forms"}, {"id": "email-addr--c99b87bd-f0a8-50ca-9f84-68072efc61e3", "type": "email-addr", "original": {"type": "email-addr", "spec_version": "2.1", "id": "email-addr--c99b87bd-f0a8-50ca-9f84-68072efc61e3", "value": "trusty@example.com", "display_name": "Trusty Jones", "belongs_to_ref": "user-account--83658594-537d-5c32-b9f0-137354bd9bc3"}, "icon": "email-addr", "name": "Email Address", "heading": "Email Address -> Trusty Jones", "description": "<br>Value -> trusty@example.com", "object_form": "email-addr", "object_group": "sco-forms", "object_family": "stix-forms"}, {"id": "identity--008a8e27-cfe0-4e5d-915b-d7ac71db6941", "type": "identity", "original": {"type": "identity", "spec_version": "2.1", "id": "identity--008a8e27-cfe0-4e5d-915b-d7ac71db6941", "created": "2025-02-11T00:49:42.850Z", "modified": "2025-02-11T00:49:42.850Z", "name": "Trusty Jones", "description": "A Trusty Individual", "roles": ["soc", "support"], "identity_class": "individual", "sectors": ["technology"], "extensions": {"extension-definition--66e2492a-bbd3-4be6-88f5-cc91a017a498": {"extension_type": "property-extension", "contact_numbers": [{"contact_number_type": "work-phone", "contact_number": "0418-208-368"}], "email_addresses": [{"digital_contact_type": "work", "email_address_ref": "email-addr--c99b87bd-f0a8-50ca-9f84-68072efc61e3"}], "first_name": "Me", "last_name": "Jones", "middle_name": "Percival", "prefix": "Dr", "social_media_accounts": [{"digital_contact_type": "work", "user_account_ref": "user-account--83658594-537d-5c32-b9f0-137354bd9bc3"}], "team": "All_Stars"}}}, "icon": "identity-contact", "name": "Individual", "heading": "Individual - Trusty Jones", "description": "<br>A Trusty Individual", "object_form": "identity", "object_group": "sdo-forms", "object_family": "stix-forms"}]