[{"name": "belongs-to", "type": "embedded", "source": "email-addr--c99b87bd-f0a8-50ca-9f84-68072efc61e3", "target": "user-account--83658594-537d-5c32-b9f0-137354bd9bc3", "id": "email-addr--c99b87bd-f0a8-50ca-9f84-68072efc61e3-user-account--83658594-537d-5c32-b9f0-137354bd9bc3"}, {"name": "email address", "type": "embedded", "source": "identity--008a8e27-cfe0-4e5d-915b-d7ac71db6941", "target": "email-addr--c99b87bd-f0a8-50ca-9f84-68072efc61e3", "id": "identity--008a8e27-cfe0-4e5d-915b-d7ac71db6941-email-addr--c99b87bd-f0a8-50ca-9f84-68072efc61e3"}, {"name": "user account", "type": "embedded", "source": "identity--008a8e27-cfe0-4e5d-915b-d7ac71db6941", "target": "user-account--83658594-537d-5c32-b9f0-137354bd9bc3", "id": "identity--008a8e27-cfe0-4e5d-915b-d7ac71db6941-user-account--83658594-537d-5c32-b9f0-137354bd9bc3"}]