[{"id": "impact--4d6bc2e6-9f95-49d0-a8c4-c6d32e82cafb", "type": "impact", "original": {"type": "impact", "spec_version": "2.1", "id": "impact--4d6bc2e6-9f95-49d0-a8c4-c6d32e82cafb", "created": "2025-02-11T00:51:47.141Z", "modified": "2025-02-11T00:51:47.141Z", "impact_category": "availability", "criticality": 99, "description": "Laptop is stuffed", "end_time": "2025-02-11T00:51:47.141Z", "impacted_entity_counts": {"computers-mobile": 1}, "impacted_refs": ["identity--cfaba29d-fa38-45d9-98e6-ebb9feb3c22c"], "recoverability": "regular", "start_time": "2025-02-11T00:51:47.141Z", "extensions": {"availability": {"availability_impact": 99}, "extension-definition--7cc33dd6-f6a1-489b-98ea-522d351d71b9": {"extension_type": "new-sdo"}}}, "icon": "impact-availability", "name": "Availability Impact", "heading": "Availability Impact", "description": "<br>Laptop is stuffed<br>Total Impact ->99<br>Impacted Entities -> <br>Laptop is stuffed<br>Variety -> 99computers-mobile -> 1", "object_form": "impact", "object_group": "sdo-forms", "object_family": "extension-forms"}]