[{"name": "belongs-to", "type": "embedded", "source": "email-addr--4722424c-7012-56b0-84d5-01d076fc547b", "target": "user-account--597ad4d4-35ba-585d-8f6d-134a75032f9b", "id": "email-addr--4722424c-7012-56b0-84d5-01d076fc547b-user-account--597ad4d4-35ba-585d-8f6d-134a75032f9b"}, {"name": "email address", "type": "embedded", "source": "identity--d6d2d683-eb10-4eec-b5f6-13e631bae308", "target": "email-addr--4722424c-7012-56b0-84d5-01d076fc547b", "id": "identity--d6d2d683-eb10-4eec-b5f6-13e631bae308-email-addr--4722424c-7012-56b0-84d5-01d076fc547b"}, {"name": "user account", "type": "embedded", "source": "identity--d6d2d683-eb10-4eec-b5f6-13e631bae308", "target": "user-account--597ad4d4-35ba-585d-8f6d-134a75032f9b", "id": "identity--d6d2d683-eb10-4eec-b5f6-13e631bae308-user-account--597ad4d4-35ba-585d-8f6d-134a75032f9b"}, {"name": "email address", "type": "embedded", "source": "identity--008a8e27-cfe0-4e5d-915b-d7ac71db6941", "target": "email-addr--c99b87bd-f0a8-50ca-9f84-68072efc61e3", "id": "identity--008a8e27-cfe0-4e5d-915b-d7ac71db6941-email-addr--c99b87bd-f0a8-50ca-9f84-68072efc61e3"}, {"name": "user account", "type": "embedded", "source": "identity--008a8e27-cfe0-4e5d-915b-d7ac71db6941", "target": "user-account--83658594-537d-5c32-b9f0-137354bd9bc3", "id": "identity--008a8e27-cfe0-4e5d-915b-d7ac71db6941-user-account--83658594-537d-5c32-b9f0-137354bd9bc3"}, {"name": "from", "type": "embedded", "source": "email-message--6090e3d4-1fa8-5b36-9d2d-4a66d824995d", "target": "email-addr--eb38d07e-6ba8-56c1-b107-d4db4aacf212", "id": "email-message--6090e3d4-1fa8-5b36-9d2d-4a66d824995d-email-addr--eb38d07e-6ba8-56c1-b107-d4db4aacf212"}, {"name": "to", "type": "embedded", "source": "email-message--6090e3d4-1fa8-5b36-9d2d-4a66d824995d", "target": "email-addr--4722424c-7012-56b0-84d5-01d076fc547b", "id": "email-message--6090e3d4-1fa8-5b36-9d2d-4a66d824995d-email-addr--4722424c-7012-56b0-84d5-01d076fc547b"}, {"name": "refers-to", "type": "embedded", "source": "observed-data--5c2e0a8b-5f35-46a8-9205-721448775317", "target": "email-addr--eb38d07e-6ba8-56c1-b107-d4db4aacf212", "id": "observed-data--5c2e0a8b-5f35-46a8-9205-721448775317-email-addr--eb38d07e-6ba8-56c1-b107-d4db4aacf212"}, {"name": "refers-to", "type": "embedded", "source": "observed-data--5c2e0a8b-5f35-46a8-9205-721448775317", "target": "user-account--597ad4d4-35ba-585d-8f6d-134a75032f9b", "id": "observed-data--5c2e0a8b-5f35-46a8-9205-721448775317-user-account--597ad4d4-35ba-585d-8f6d-134a75032f9b"}, {"name": "refers-to", "type": "embedded", "source": "observed-data--5c2e0a8b-5f35-46a8-9205-721448775317", "target": "email-addr--4722424c-7012-56b0-84d5-01d076fc547b", "id": "observed-data--5c2e0a8b-5f35-46a8-9205-721448775317-email-addr--4722424c-7012-56b0-84d5-01d076fc547b"}, {"name": "refers-to", "type": "embedded", "source": "observed-data--5c2e0a8b-5f35-46a8-9205-721448775317", "target": "url--3279c7de-8f91-5c1a-99d9-d6546c6c41f7", "id": "observed-data--5c2e0a8b-5f35-46a8-9205-721448775317-url--3279c7de-8f91-5c1a-99d9-d6546c6c41f7"}, {"name": "refers-to", "type": "embedded", "source": "observed-data--5c2e0a8b-5f35-46a8-9205-721448775317", "target": "email-message--6090e3d4-1fa8-5b36-9d2d-4a66d824995d", "id": "observed-data--5c2e0a8b-5f35-46a8-9205-721448775317-email-message--6090e3d4-1fa8-5b36-9d2d-4a66d824995d"}, {"stix-id": "sighting--c5042e65-ab7b-4138-a4b5-dbbb12a72734", "type": "sighting", "name": "Sighting of indicator", "source": "sighting--c5042e65-ab7b-4138-a4b5-dbbb12a72734", "target": "indicator--11bf627f-9ad4-4b10-82c2-ff69617116ad", "id": "sighting--c5042e65-ab7b-4138-a4b5-dbbb12a72734-indicator--11bf627f-9ad4-4b10-82c2-ff69617116ad"}, {"stix-id": "sighting--c5042e65-ab7b-4138-a4b5-dbbb12a72734", "type": "sighting", "name": "Observed Data", "source": "sighting--c5042e65-ab7b-4138-a4b5-dbbb12a72734", "target": "observed-data--5c2e0a8b-5f35-46a8-9205-721448775317", "id": "sighting--c5042e65-ab7b-4138-a4b5-dbbb12a72734-observed-data--5c2e0a8b-5f35-46a8-9205-721448775317"}, {"stix-id": "sighting--c5042e65-ab7b-4138-a4b5-dbbb12a72734", "type": "sighting", "name": "Where Sighted -> identity", "source": "sighting--c5042e65-ab7b-4138-a4b5-dbbb12a72734", "target": "identity--d6d2d683-eb10-4eec-b5f6-13e631bae308", "id": "sighting--c5042e65-ab7b-4138-a4b5-dbbb12a72734-identity--d6d2d683-eb10-4eec-b5f6-13e631bae308"}, {"name": "sequenced object", "type": "embedded", "source": "sequence--bbbfae0e-83bd-4925-a546-005b0701df3e", "target": "event--a6437fdf-a238-487a-8a4e-c55245336493", "id": "sequence--bbbfae0e-83bd-4925-a546-005b0701df3e-event--a6437fdf-a238-487a-8a4e-c55245336493"}, {"name": "on completion", "type": "embedded", "source": "sequence--ed360f04-103e-421f-b1ad-3734153dd82d", "target": "sequence--bbbfae0e-83bd-4925-a546-005b0701df3e", "id": "sequence--ed360f04-103e-421f-b1ad-3734153dd82d-sequence--bbbfae0e-83bd-4925-a546-005b0701df3e"}, {"name": "sequenced object", "type": "embedded", "source": "sequence--f5f041d8-3efe-4ce3-88c2-9f4d8abe5901", "target": "task--28dce5f7-44c9-44b3-82fc-362ecf764f3f", "id": "sequence--f5f041d8-3efe-4ce3-88c2-9f4d8abe5901-task--28dce5f7-44c9-44b3-82fc-362ecf764f3f"}, {"name": "on completion", "type": "embedded", "source": "sequence--63cc7831-86d4-4955-8252-01b51353bc4c", "target": "sequence--f5f041d8-3efe-4ce3-88c2-9f4d8abe5901", "id": "sequence--63cc7831-86d4-4955-8252-01b51353bc4c-sequence--f5f041d8-3efe-4ce3-88c2-9f4d8abe5901"}, {"name": "refers-to", "type": "embedded", "source": "observed-data--c0ce3f85-3609-4cac-a0c4-73971ccab77a", "target": "anecdote--e1298bc0-818e-5cdb-9154-eac37c8e260f", "id": "observed-data--c0ce3f85-3609-4cac-a0c4-73971ccab77a-anecdote--e1298bc0-818e-5cdb-9154-eac37c8e260f"}, {"stix-id": "sighting--e7e04e22-cb91-4161-9ba5-2e4a36766f71", "type": "sighting", "name": "Sighting of identity", "source": "sighting--e7e04e22-cb91-4161-9ba5-2e4a36766f71", "target": "identity--d6d2d683-eb10-4eec-b5f6-13e631bae308", "id": "sighting--e7e04e22-cb91-4161-9ba5-2e4a36766f71-identity--d6d2d683-eb10-4eec-b5f6-13e631bae308"}, {"stix-id": "sighting--e7e04e22-cb91-4161-9ba5-2e4a36766f71", "type": "sighting", "name": "Observed Data", "source": "sighting--e7e04e22-cb91-4161-9ba5-2e4a36766f71", "target": "observed-data--c0ce3f85-3609-4cac-a0c4-73971ccab77a", "id": "sighting--e7e04e22-cb91-4161-9ba5-2e4a36766f71-observed-data--c0ce3f85-3609-4cac-a0c4-73971ccab77a"}, {"stix-id": "sighting--e7e04e22-cb91-4161-9ba5-2e4a36766f71", "type": "sighting", "name": "Where Sighted -> identity", "source": "sighting--e7e04e22-cb91-4161-9ba5-2e4a36766f71", "target": "identity--008a8e27-cfe0-4e5d-915b-d7ac71db6941", "id": "sighting--e7e04e22-cb91-4161-9ba5-2e4a36766f71-identity--008a8e27-cfe0-4e5d-915b-d7ac71db6941"}, {"name": "impacted things", "type": "embedded", "source": "impact--4d6bc2e6-9f95-49d0-a8c4-c6d32e82cafb", "target": "identity--cfaba29d-fa38-45d9-98e6-ebb9feb3c22c", "id": "impact--4d6bc2e6-9f95-49d0-a8c4-c6d32e82cafb-identity--cfaba29d-fa38-45d9-98e6-ebb9feb3c22c"}, {"name": "sequenced object", "type": "embedded", "source": "sequence--c56d5f04-1746-467c-9827-033c87373f62", "target": "task--e217a450-2a1e-4d7b-ab02-973b215a60a8", "id": "sequence--c56d5f04-1746-467c-9827-033c87373f62-task--e217a450-2a1e-4d7b-ab02-973b215a60a8"}, {"name": "image-of", "type": "embedded", "source": "file--e7c7ddeb-d693-53e7-bcd8-f40951888120", "target": "process--57b4fc0f-aac0-42c4-8fa1-a721ba2ac8bc", "id": "file--e7c7ddeb-d693-53e7-bcd8-f40951888120-process--57b4fc0f-aac0-42c4-8fa1-a721ba2ac8bc"}, {"name": "belongs-to", "type": "embedded", "source": "email-addr--a7155ffe-8ea7-563a-a54c-e94e23ec50c8", "target": "user-account--47df6d33-0005-5b45-9875-e7a609b12e9b", "id": "email-addr--a7155ffe-8ea7-563a-a54c-e94e23ec50c8-user-account--47df6d33-0005-5b45-9875-e7a609b12e9b"}, {"name": "belongs-to", "type": "embedded", "source": "email-addr--b8048a91-def8-5ef7-8cd3-a7b3db9278e5", "target": "user-account--74f5352e-ea3f-526c-8430-1cbb9ccd3109", "id": "email-addr--b8048a91-def8-5ef7-8cd3-a7b3db9278e5-user-account--74f5352e-ea3f-526c-8430-1cbb9ccd3109"}, {"name": "belongs-to", "type": "embedded", "source": "email-addr--30d9a416-203b-55c8-b796-8eb65ab5275e", "target": "user-account--5aaaa4e2-0974-5ab4-9069-41a16197f0ff", "id": "email-addr--30d9a416-203b-55c8-b796-8eb65ab5275e-user-account--5aaaa4e2-0974-5ab4-9069-41a16197f0ff"}, {"name": "from", "type": "embedded", "source": "email-message--a9579bb2-e221-5df3-92bd-d452bd9b6d23", "target": "email-addr--b8048a91-def8-5ef7-8cd3-a7b3db9278e5", "id": "email-message--a9579bb2-e221-5df3-92bd-d452bd9b6d23-email-addr--b8048a91-def8-5ef7-8cd3-a7b3db9278e5"}, {"name": "to", "type": "embedded", "source": "email-message--a9579bb2-e221-5df3-92bd-d452bd9b6d23", "target": "email-addr--a7155ffe-8ea7-563a-a54c-e94e23ec50c8", "id": "email-message--a9579bb2-e221-5df3-92bd-d452bd9b6d23-email-addr--a7155ffe-8ea7-563a-a54c-e94e23ec50c8"}, {"name": "refers-to", "type": "embedded", "source": "observed-data--ca0b5ac2-435b-40b1-88ac-7c7a7a9a6f28", "target": "email-addr--a7155ffe-8ea7-563a-a54c-e94e23ec50c8", "id": "observed-data--ca0b5ac2-435b-40b1-88ac-7c7a7a9a6f28-email-addr--a7155ffe-8ea7-563a-a54c-e94e23ec50c8"}, {"name": "refers-to", "type": "embedded", "source": "observed-data--ca0b5ac2-435b-40b1-88ac-7c7a7a9a6f28", "target": "user-account--47df6d33-0005-5b45-9875-e7a609b12e9b", "id": "observed-data--ca0b5ac2-435b-40b1-88ac-7c7a7a9a6f28-user-account--47df6d33-0005-5b45-9875-e7a609b12e9b"}, {"name": "refers-to", "type": "embedded", "source": "observed-data--ca0b5ac2-435b-40b1-88ac-7c7a7a9a6f28", "target": "url--3279c7de-8f91-5c1a-99d9-d6546c6c41f7", "id": "observed-data--ca0b5ac2-435b-40b1-88ac-7c7a7a9a6f28-url--3279c7de-8f91-5c1a-99d9-d6546c6c41f7"}, {"name": "refers-to", "type": "embedded", "source": "observed-data--ca0b5ac2-435b-40b1-88ac-7c7a7a9a6f28", "target": "email-message--a9579bb2-e221-5df3-92bd-d452bd9b6d23", "id": "observed-data--ca0b5ac2-435b-40b1-88ac-7c7a7a9a6f28-email-message--a9579bb2-e221-5df3-92bd-d452bd9b6d23"}, {"name": "refers-to", "type": "embedded", "source": "observed-data--ca0b5ac2-435b-40b1-88ac-7c7a7a9a6f28", "target": "email-addr--b8048a91-def8-5ef7-8cd3-a7b3db9278e5", "id": "observed-data--ca0b5ac2-435b-40b1-88ac-7c7a7a9a6f28-email-addr--b8048a91-def8-5ef7-8cd3-a7b3db9278e5"}, {"name": "refers-to", "type": "embedded", "source": "observed-data--ca0b5ac2-435b-40b1-88ac-7c7a7a9a6f28", "target": "user-account--74f5352e-ea3f-526c-8430-1cbb9ccd3109", "id": "observed-data--ca0b5ac2-435b-40b1-88ac-7c7a7a9a6f28-user-account--74f5352e-ea3f-526c-8430-1cbb9ccd3109"}, {"name": "refers-to", "type": "embedded", "source": "observed-data--ca0b5ac2-435b-40b1-88ac-7c7a7a9a6f28", "target": "email-addr--30d9a416-203b-55c8-b796-8eb65ab5275e", "id": "observed-data--ca0b5ac2-435b-40b1-88ac-7c7a7a9a6f28-email-addr--30d9a416-203b-55c8-b796-8eb65ab5275e"}, {"name": "refers-to", "type": "embedded", "source": "observed-data--ca0b5ac2-435b-40b1-88ac-7c7a7a9a6f28", "target": "user-account--5aaaa4e2-0974-5ab4-9069-41a16197f0ff", "id": "observed-data--ca0b5ac2-435b-40b1-88ac-7c7a7a9a6f28-user-account--5aaaa4e2-0974-5ab4-9069-41a16197f0ff"}, {"stix-id": "sighting--dba70025-2052-46a9-99ac-eff34f1beb0d", "type": "sighting", "name": "Sighting of indicator", "source": "sighting--dba70025-2052-46a9-99ac-eff34f1beb0d", "target": "indicator--a57a75c8-6409-4ea4-93e0-8ef223b6336f", "id": "sighting--dba70025-2052-46a9-99ac-eff34f1beb0d-indicator--a57a75c8-6409-4ea4-93e0-8ef223b6336f"}, {"stix-id": "sighting--dba70025-2052-46a9-99ac-eff34f1beb0d", "type": "sighting", "name": "Observed Data", "source": "sighting--dba70025-2052-46a9-99ac-eff34f1beb0d", "target": "observed-data--ca0b5ac2-435b-40b1-88ac-7c7a7a9a6f28", "id": "sighting--dba70025-2052-46a9-99ac-eff34f1beb0d-observed-data--ca0b5ac2-435b-40b1-88ac-7c7a7a9a6f28"}]