[{"id": "relationship--68283c1e-6d52-45d5-8a96-5aa43a38db14", "original": {"type": "relationship", "spec_version": "2.1", "id": "relationship--68283c1e-6d52-45d5-8a96-5aa43a38db14", "created": "2025-02-11T00:51:09.700Z", "modified": "2025-02-11T00:51:09.700Z", "relationship_type": "derived-from", "source_ref": "email-message--6090e3d4-1fa8-5b36-9d2d-4a66d824995d", "target_ref": "url--3279c7de-8f91-5c1a-99d9-d6546c6c41f7"}, "name": "Derived-From", "heading": "Derived-From - SRO", "description": "<br>Result -> Email-Message<br>Raw-Material -> Url", "type": "relationship", "icon": "relationship", "object_form": "relationship", "object_group": "sro-forms", "object_family": "stix-forms"}, {"id": "relationship--5e1b5876-a035-4888-8451-9d7c472c0478", "original": {"type": "relationship", "spec_version": "2.1", "id": "relationship--5e1b5876-a035-4888-8451-9d7c472c0478", "created": "2025-02-11T00:52:49.811935Z", "modified": "2025-02-11T00:52:49.811935Z", "relationship_type": "duplicate-of", "source_ref": "email-addr--a7155ffe-8ea7-563a-a54c-e94e23ec50c8", "target_ref": "email-addr--b8048a91-def8-5ef7-8cd3-a7b3db9278e5"}, "name": "Duplicate-Of", "heading": "Duplicate-Of - SRO", "description": "<br>Original -> Email-Addr<br>Duplicate -> Email-Addr", "type": "relationship", "icon": "relationship", "object_form": "relationship", "object_group": "sro-forms", "object_family": "stix-forms"}, {"id": "relationship--b8e44aa3-c542-4131-9577-14a57e701c10", "original": {"type": "relationship", "spec_version": "2.1", "id": "relationship--b8e44aa3-c542-4131-9577-14a57e701c10", "created": "2025-02-11T00:52:49.836137Z", "modified": "2025-02-11T00:52:49.836137Z", "relationship_type": "duplicate-of", "source_ref": "email-addr--a7155ffe-8ea7-563a-a54c-e94e23ec50c8", "target_ref": "email-addr--30d9a416-203b-55c8-b796-8eb65ab5275e"}, "name": "Duplicate-Of", "heading": "Duplicate-Of - SRO", "description": "<br>Original -> Email-Addr<br>Duplicate -> Email-Addr", "type": "relationship", "icon": "relationship", "object_form": "relationship", "object_group": "sro-forms", "object_family": "stix-forms"}, {"id": "relationship--5892ad36-b5b2-4ac5-b72d-577bb525c32b", "original": {"type": "relationship", "spec_version": "2.1", "id": "relationship--5892ad36-b5b2-4ac5-b72d-577bb525c32b", "created": "2025-02-11T00:52:49.923728Z", "modified": "2025-02-11T00:52:49.923728Z", "relationship_type": "derived-from", "source_ref": "email-message--a9579bb2-e221-5df3-92bd-d452bd9b6d23", "target_ref": "url--3279c7de-8f91-5c1a-99d9-d6546c6c41f7"}, "name": "Derived-From", "heading": "Derived-From - SRO", "description": "<br>Result -> Email-Message<br>Raw-Material -> Url", "type": "relationship", "icon": "relationship", "object_form": "relationship", "object_group": "sro-forms", "object_family": "stix-forms"}]