[{"id": "incident--c9bc023a-3e05-4227-a29e-4b2d06ba513b", "type": "incident", "original": {"type": "incident", "spec_version": "2.1", "id": "incident--c9bc023a-3e05-4227-a29e-4b2d06ba513b", "created": "2025-02-11T00:51:09.284Z", "modified": "2025-02-11T00:51:09.284Z", "name": "potential phishing", "extensions": {"extension-definition--ef765651-680c-498d-9894-99799f2fa126": {"extension_type": "property-extension", "investigation_status": "new", "incident_types": ["dissemination-phishing-emails"]}}}, "icon": "incident-ext", "name": "Incident Extension", "heading": "Incident Extension", "description": "", "object_form": "incident", "object_group": "sdo-forms", "object_family": "stix-forms"}]