[{"stix-id": "relationship--68283c1e-6d52-45d5-8a96-5aa43a38db14", "type": "relationship", "name": "derived-from", "source": "email-message--6090e3d4-1fa8-5b36-9d2d-4a66d824995d", "target": "url--3279c7de-8f91-5c1a-99d9-d6546c6c41f7", "id": "email-message--6090e3d4-1fa8-5b36-9d2d-4a66d824995d-url--3279c7de-8f91-5c1a-99d9-d6546c6c41f7"}, {"stix-id": "relationship--5e1b5876-a035-4888-8451-9d7c472c0478", "type": "relationship", "name": "duplicate-of", "source": "email-addr--a7155ffe-8ea7-563a-a54c-e94e23ec50c8", "target": "email-addr--b8048a91-def8-5ef7-8cd3-a7b3db9278e5", "id": "email-addr--a7155ffe-8ea7-563a-a54c-e94e23ec50c8-email-addr--b8048a91-def8-5ef7-8cd3-a7b3db9278e5"}, {"stix-id": "relationship--b8e44aa3-c542-4131-9577-14a57e701c10", "type": "relationship", "name": "duplicate-of", "source": "email-addr--a7155ffe-8ea7-563a-a54c-e94e23ec50c8", "target": "email-addr--30d9a416-203b-55c8-b796-8eb65ab5275e", "id": "email-addr--a7155ffe-8ea7-563a-a54c-e94e23ec50c8-email-addr--30d9a416-203b-55c8-b796-8eb65ab5275e"}, {"stix-id": "relationship--5892ad36-b5b2-4ac5-b72d-577bb525c32b", "type": "relationship", "name": "derived-from", "source": "email-message--a9579bb2-e221-5df3-92bd-d452bd9b6d23", "target": "url--3279c7de-8f91-5c1a-99d9-d6546c6c41f7", "id": "email-message--a9579bb2-e221-5df3-92bd-d452bd9b6d23-url--3279c7de-8f91-5c1a-99d9-d6546c6c41f7"}]