[{"id": "sequence--bbbfae0e-83bd-4925-a546-005b0701df3e", "type": "sequence", "original": {"type": "sequence", "spec_version": "2.1", "id": "sequence--bbbfae0e-83bd-4925-a546-005b0701df3e", "created": "2025-02-11T00:51:10.132Z", "modified": "2025-02-11T00:51:10.132Z", "sequenced_object": "event--a6437fdf-a238-487a-8a4e-c55245336493", "sequence_type": "event", "step_type": "single_step", "extensions": {"extension-definition--be0c7c79-1961-43db-afde-637066a87a64": {"extension_type": "new-sdo"}}}, "icon": "step-single", "name": "Single Step", "heading": "Single Step for Event", "description": "", "object_form": "sequence", "object_group": "sdo-forms", "object_family": "extension-forms"}, {"id": "sequence--f5f041d8-3efe-4ce3-88c2-9f4d8abe5901", "type": "sequence", "original": {"type": "sequence", "spec_version": "2.1", "id": "sequence--f5f041d8-3efe-4ce3-88c2-9f4d8abe5901", "created": "2025-02-11T00:51:10.302Z", "modified": "2025-02-11T00:51:10.302Z", "sequenced_object": "task--28dce5f7-44c9-44b3-82fc-362ecf764f3f", "sequence_type": "task", "step_type": "single_step", "extensions": {"extension-definition--be0c7c79-1961-43db-afde-637066a87a64": {"extension_type": "new-sdo"}}}, "icon": "step-single", "name": "Single Step", "heading": "Single Step for Task", "description": "", "object_form": "sequence", "object_group": "sdo-forms", "object_family": "extension-forms"}, {"id": "sequence--c56d5f04-1746-467c-9827-033c87373f62", "type": "sequence", "original": {"type": "sequence", "spec_version": "2.1", "id": "sequence--c56d5f04-1746-467c-9827-033c87373f62", "created": "2025-02-11T00:51:47.348Z", "modified": "2025-02-11T00:51:47.348Z", "sequenced_object": "task--e217a450-2a1e-4d7b-ab02-973b215a60a8", "sequence_type": "task", "step_type": "single_step", "extensions": {"extension-definition--be0c7c79-1961-43db-afde-637066a87a64": {"extension_type": "new-sdo"}}}, "icon": "step-single", "name": "Single Step", "heading": "Single Step for Task", "description": "", "object_form": "sequence", "object_group": "sdo-forms", "object_family": "extension-forms"}]