[{"id": "sequence--ed360f04-103e-421f-b1ad-3734153dd82d", "type": "sequence", "original": {"type": "sequence", "spec_version": "2.1", "id": "sequence--ed360f04-103e-421f-b1ad-3734153dd82d", "created": "2025-02-11T00:51:10.196Z", "modified": "2025-02-11T00:51:10.196Z", "sequence_type": "event", "step_type": "start_step", "on_completion": "sequence--bbbfae0e-83bd-4925-a546-005b0701df3e", "extensions": {"extension-definition--be0c7c79-1961-43db-afde-637066a87a64": {"extension_type": "new-sdo"}}}, "icon": "step-terminal", "name": "Start Step", "heading": "Start Step for Event", "description": "", "object_form": "sequence", "object_group": "sdo-forms", "object_family": "extension-forms"}, {"id": "sequence--63cc7831-86d4-4955-8252-01b51353bc4c", "type": "sequence", "original": {"type": "sequence", "spec_version": "2.1", "id": "sequence--63cc7831-86d4-4955-8252-01b51353bc4c", "created": "2025-02-11T00:51:10.365Z", "modified": "2025-02-11T00:51:10.365Z", "sequence_type": "task", "step_type": "start_step", "on_completion": "sequence--f5f041d8-3efe-4ce3-88c2-9f4d8abe5901", "extensions": {"extension-definition--be0c7c79-1961-43db-afde-637066a87a64": {"extension_type": "new-sdo"}}}, "icon": "step-terminal", "name": "Start Step", "heading": "Start Step for Task", "description": "", "object_form": "sequence", "object_group": "sdo-forms", "object_family": "extension-forms"}]