[{"id": "task--28dce5f7-44c9-44b3-82fc-362ecf764f3f", "type": "task", "original": {"type": "task", "spec_version": "2.1", "id": "task--28dce5f7-44c9-44b3-82fc-362ecf764f3f", "created": "2025-02-11T00:51:10.256Z", "modified": "2025-02-11T00:51:10.256Z", "description": "Suspicious email reported by user", "end_time": "2025-02-11T00:51:10.256Z", "name": "Potential Phishing Email", "start_time": "2025-02-11T00:51:10.256Z", "extensions": {"extension-definition--2074a052-8be4-4932-849e-f5e7798e0030": {"extension_type": "new-sdo"}}}, "icon": "task", "name": "Task", "heading": "Task -> Potential Phishing Email", "description": "<br>Suspicious email reported by user", "object_form": "task", "object_group": "sdo-forms", "object_family": "extension-forms"}, {"id": "task--e217a450-2a1e-4d7b-ab02-973b215a60a8", "type": "task", "original": {"type": "task", "spec_version": "2.1", "id": "task--e217a450-2a1e-4d7b-ab02-973b215a60a8", "created": "2025-02-11T00:51:47.289Z", "modified": "2025-02-11T00:51:47.289Z", "description": "Find out who else got the email", "end_time": "2025-02-11T00:51:47.289Z", "name": "Query Exchange Server", "start_time": "2025-02-11T00:51:47.289Z", "extensions": {"extension-definition--2074a052-8be4-4932-849e-f5e7798e0030": {"extension_type": "new-sdo"}}}, "icon": "task", "name": "Task", "heading": "Task -> Query Exchange Server", "description": "<br>Find out who else got the email", "object_form": "task", "object_group": "sdo-forms", "object_family": "extension-forms"}]