{
    "computers-mobile": "Mobile devices such as smartphones.",
    "computers-personal": "Workstations or laptops owned by an organization.",
    "computers-server": "Servers owned by an organization.",
    "customer": "A customer or client. This can be an individual or organization",
    "customer-individual": "A customer or client that represents an individual.",
    "customer-organization": "A customer or client that represents a business or other organization.",
    "domain-controller": "A windows domain controller.",
    "employee": "An employee of an organization.",
    "group": "An informal collection of people, without formal governance, such as a distributed hacker group.",
    "ics-actuator": "Actuator for industrial control systems.",
    "ics-engineering-workstation": "Engineering workstation for industrial control systems.",
    "ics-historian": "Historian for industrial control systems",
    "ics-hmi": "Human machine interfaces for industrial control systems.",
    "ics-other": "Other Industrial control systems.",
    "ics-plc": "Programmable logic controller for industrial control systems.",
    "ics-safety-system": "Safety system for industrial control systems.",
    "ics-sensor": "Sensor for industrial control systems.",
    "individual": "A single person.",
    "network-device": "Switches, routers, and wireless communication towers.",
    "organization": "A formal organization of people, with governance, such as a company or country.",
    "system": "A computer system, such as a SIEM.",
    "vehicles": "Vehicles of various types including cars, trains, and planes."
}