[{"id": "event--14852245-1329-4b44-b285-5ea68eabad71", "type": "event", "original": {"type": "event", "spec_version": "2.1", "id": "event--14852245-1329-4b44-b285-5ea68eabad71", "created": "2025-02-11T00:54:21.791Z", "modified": "2025-02-11T00:54:21.791Z", "description": "Suspicious email reported by user", "end_time": "2025-02-11T00:54:21.791Z", "event_types": ["dissemination-phishing-emails"], "name": "Potential Phishing Email", "start_time": "2025-02-11T00:54:21.791Z", "extensions": {"extension-definition--4ca6de00-5b0d-45ef-a1dc-ea7279ea910e": {"extension_type": "new-sdo"}}}, "icon": "event", "name": "Event", "heading": "Event -> Potential Phishing Email, Status -> ", "description": "<br>Suspicious email reported by user", "object_form": "event", "object_group": "sdo-forms", "object_family": "extension-forms"}]