[{"name": "belongs-to", "type": "embedded", "source": "email-addr--4722424c-7012-56b0-84d5-01d076fc547b", "target": "user-account--597ad4d4-35ba-585d-8f6d-134a75032f9b", "id": "email-addr--4722424c-7012-56b0-84d5-01d076fc547b-user-account--597ad4d4-35ba-585d-8f6d-134a75032f9b"}, {"name": "email address", "type": "embedded", "source": "identity--d6d2d683-eb10-4eec-b5f6-13e631bae308", "target": "email-addr--4722424c-7012-56b0-84d5-01d076fc547b", "id": "identity--d6d2d683-eb10-4eec-b5f6-13e631bae308-email-addr--4722424c-7012-56b0-84d5-01d076fc547b"}, {"name": "user account", "type": "embedded", "source": "identity--d6d2d683-eb10-4eec-b5f6-13e631bae308", "target": "user-account--597ad4d4-35ba-585d-8f6d-134a75032f9b", "id": "identity--d6d2d683-eb10-4eec-b5f6-13e631bae308-user-account--597ad4d4-35ba-585d-8f6d-134a75032f9b"}, {"name": "email address", "type": "embedded", "source": "identity--008a8e27-cfe0-4e5d-915b-d7ac71db6941", "target": "email-addr--c99b87bd-f0a8-50ca-9f84-68072efc61e3", "id": "identity--008a8e27-cfe0-4e5d-915b-d7ac71db6941-email-addr--c99b87bd-f0a8-50ca-9f84-68072efc61e3"}, {"name": "user account", "type": "embedded", "source": "identity--008a8e27-cfe0-4e5d-915b-d7ac71db6941", "target": "user-account--83658594-537d-5c32-b9f0-137354bd9bc3", "id": "identity--008a8e27-cfe0-4e5d-915b-d7ac71db6941-user-account--83658594-537d-5c32-b9f0-137354bd9bc3"}, {"name": "from", "type": "embedded", "source": "email-message--6090e3d4-1fa8-5b36-9d2d-4a66d824995d", "target": "email-addr--eb38d07e-6ba8-56c1-b107-d4db4aacf212", "id": "email-message--6090e3d4-1fa8-5b36-9d2d-4a66d824995d-email-addr--eb38d07e-6ba8-56c1-b107-d4db4aacf212"}, {"name": "to", "type": "embedded", "source": "email-message--6090e3d4-1fa8-5b36-9d2d-4a66d824995d", "target": "email-addr--4722424c-7012-56b0-84d5-01d076fc547b", "id": "email-message--6090e3d4-1fa8-5b36-9d2d-4a66d824995d-email-addr--4722424c-7012-56b0-84d5-01d076fc547b"}, {"name": "refers-to", "type": "embedded", "source": "observed-data--3e1ca4b8-c7b9-43c4-a67b-a150220d180a", "target": "email-addr--eb38d07e-6ba8-56c1-b107-d4db4aacf212", "id": "observed-data--3e1ca4b8-c7b9-43c4-a67b-a150220d180a-email-addr--eb38d07e-6ba8-56c1-b107-d4db4aacf212"}, {"name": "refers-to", "type": "embedded", "source": "observed-data--3e1ca4b8-c7b9-43c4-a67b-a150220d180a", "target": "user-account--597ad4d4-35ba-585d-8f6d-134a75032f9b", "id": "observed-data--3e1ca4b8-c7b9-43c4-a67b-a150220d180a-user-account--597ad4d4-35ba-585d-8f6d-134a75032f9b"}, {"name": "refers-to", "type": "embedded", "source": "observed-data--3e1ca4b8-c7b9-43c4-a67b-a150220d180a", "target": "email-addr--4722424c-7012-56b0-84d5-01d076fc547b", "id": "observed-data--3e1ca4b8-c7b9-43c4-a67b-a150220d180a-email-addr--4722424c-7012-56b0-84d5-01d076fc547b"}, {"name": "refers-to", "type": "embedded", "source": "observed-data--3e1ca4b8-c7b9-43c4-a67b-a150220d180a", "target": "url--3279c7de-8f91-5c1a-99d9-d6546c6c41f7", "id": "observed-data--3e1ca4b8-c7b9-43c4-a67b-a150220d180a-url--3279c7de-8f91-5c1a-99d9-d6546c6c41f7"}, {"name": "refers-to", "type": "embedded", "source": "observed-data--3e1ca4b8-c7b9-43c4-a67b-a150220d180a", "target": "email-message--6090e3d4-1fa8-5b36-9d2d-4a66d824995d", "id": "observed-data--3e1ca4b8-c7b9-43c4-a67b-a150220d180a-email-message--6090e3d4-1fa8-5b36-9d2d-4a66d824995d"}, {"stix-id": "sighting--0d820d9a-9279-4afa-9d3c-320a428fb796", "type": "sighting", "name": "Sighting of indicator", "source": "sighting--0d820d9a-9279-4afa-9d3c-320a428fb796", "target": "indicator--a9b1540c-aaa6-4d22-910e-33b4afcfbbcd", "id": "sighting--0d820d9a-9279-4afa-9d3c-320a428fb796-indicator--a9b1540c-aaa6-4d22-910e-33b4afcfbbcd"}, {"stix-id": "sighting--0d820d9a-9279-4afa-9d3c-320a428fb796", "type": "sighting", "name": "Observed Data", "source": "sighting--0d820d9a-9279-4afa-9d3c-320a428fb796", "target": "observed-data--3e1ca4b8-c7b9-43c4-a67b-a150220d180a", "id": "sighting--0d820d9a-9279-4afa-9d3c-320a428fb796-observed-data--3e1ca4b8-c7b9-43c4-a67b-a150220d180a"}, {"stix-id": "sighting--0d820d9a-9279-4afa-9d3c-320a428fb796", "type": "sighting", "name": "Where Sighted -> identity", "source": "sighting--0d820d9a-9279-4afa-9d3c-320a428fb796", "target": "identity--d6d2d683-eb10-4eec-b5f6-13e631bae308", "id": "sighting--0d820d9a-9279-4afa-9d3c-320a428fb796-identity--d6d2d683-eb10-4eec-b5f6-13e631bae308"}, {"name": "sequenced object", "type": "embedded", "source": "sequence--224f92a4-029b-44bc-9998-04231f7bea1b", "target": "event--14852245-1329-4b44-b285-5ea68eabad71", "id": "sequence--224f92a4-029b-44bc-9998-04231f7bea1b-event--14852245-1329-4b44-b285-5ea68eabad71"}, {"name": "on completion", "type": "embedded", "source": "sequence--9e46efef-bf7c-40d1-b2f2-b17ad41475c4", "target": "sequence--224f92a4-029b-44bc-9998-04231f7bea1b", "id": "sequence--9e46efef-bf7c-40d1-b2f2-b17ad41475c4-sequence--224f92a4-029b-44bc-9998-04231f7bea1b"}, {"name": "sequenced object", "type": "embedded", "source": "sequence--68cfdab3-c03d-4b01-86d2-6a3082c8e17d", "target": "task--16fae1e6-efc2-412e-bc57-ff4c6dbd64ee", "id": "sequence--68cfdab3-c03d-4b01-86d2-6a3082c8e17d-task--16fae1e6-efc2-412e-bc57-ff4c6dbd64ee"}, {"name": "on completion", "type": "embedded", "source": "sequence--ad14ebca-5227-4a5d-9d80-d15452ff953b", "target": "sequence--68cfdab3-c03d-4b01-86d2-6a3082c8e17d", "id": "sequence--ad14ebca-5227-4a5d-9d80-d15452ff953b-sequence--68cfdab3-c03d-4b01-86d2-6a3082c8e17d"}, {"name": "refers-to", "type": "embedded", "source": "observed-data--c5d9bead-6c9a-4d28-965c-098f63467476", "target": "anecdote--e1298bc0-818e-5cdb-9154-eac37c8e260f", "id": "observed-data--c5d9bead-6c9a-4d28-965c-098f63467476-anecdote--e1298bc0-818e-5cdb-9154-eac37c8e260f"}, {"stix-id": "sighting--79699c08-e28b-44f1-afc5-dd4ea69291a4", "type": "sighting", "name": "Sighting of identity", "source": "sighting--79699c08-e28b-44f1-afc5-dd4ea69291a4", "target": "identity--d6d2d683-eb10-4eec-b5f6-13e631bae308", "id": "sighting--79699c08-e28b-44f1-afc5-dd4ea69291a4-identity--d6d2d683-eb10-4eec-b5f6-13e631bae308"}, {"stix-id": "sighting--79699c08-e28b-44f1-afc5-dd4ea69291a4", "type": "sighting", "name": "Observed Data", "source": "sighting--79699c08-e28b-44f1-afc5-dd4ea69291a4", "target": "observed-data--c5d9bead-6c9a-4d28-965c-098f63467476", "id": "sighting--79699c08-e28b-44f1-afc5-dd4ea69291a4-observed-data--c5d9bead-6c9a-4d28-965c-098f63467476"}, {"stix-id": "sighting--79699c08-e28b-44f1-afc5-dd4ea69291a4", "type": "sighting", "name": "Where Sighted -> identity", "source": "sighting--79699c08-e28b-44f1-afc5-dd4ea69291a4", "target": "identity--008a8e27-cfe0-4e5d-915b-d7ac71db6941", "id": "sighting--79699c08-e28b-44f1-afc5-dd4ea69291a4-identity--008a8e27-cfe0-4e5d-915b-d7ac71db6941"}, {"name": "impacted things", "type": "embedded", "source": "impact--ea35ff29-169f-4672-9c6b-63b9739bf5b4", "target": "identity--cfaba29d-fa38-45d9-98e6-ebb9feb3c22c", "id": "impact--ea35ff29-169f-4672-9c6b-63b9739bf5b4-identity--cfaba29d-fa38-45d9-98e6-ebb9feb3c22c"}, {"name": "sequenced object", "type": "embedded", "source": "sequence--411be6b9-89aa-4cd3-b21a-75166bb7da70", "target": "task--8e56a39c-6c6a-4700-9c42-ca4fcc68aa2e", "id": "sequence--411be6b9-89aa-4cd3-b21a-75166bb7da70-task--8e56a39c-6c6a-4700-9c42-ca4fcc68aa2e"}, {"name": "image-of", "type": "embedded", "source": "file--e7c7ddeb-d693-53e7-bcd8-f40951888120", "target": "process--23349848-b972-45b7-b959-383e5a27ec40", "id": "file--e7c7ddeb-d693-53e7-bcd8-f40951888120-process--23349848-b972-45b7-b959-383e5a27ec40"}, {"name": "belongs-to", "type": "embedded", "source": "email-addr--a7155ffe-8ea7-563a-a54c-e94e23ec50c8", "target": "user-account--47df6d33-0005-5b45-9875-e7a609b12e9b", "id": "email-addr--a7155ffe-8ea7-563a-a54c-e94e23ec50c8-user-account--47df6d33-0005-5b45-9875-e7a609b12e9b"}, {"name": "belongs-to", "type": "embedded", "source": "email-addr--b8048a91-def8-5ef7-8cd3-a7b3db9278e5", "target": "user-account--74f5352e-ea3f-526c-8430-1cbb9ccd3109", "id": "email-addr--b8048a91-def8-5ef7-8cd3-a7b3db9278e5-user-account--74f5352e-ea3f-526c-8430-1cbb9ccd3109"}, {"name": "belongs-to", "type": "embedded", "source": "email-addr--30d9a416-203b-55c8-b796-8eb65ab5275e", "target": "user-account--5aaaa4e2-0974-5ab4-9069-41a16197f0ff", "id": "email-addr--30d9a416-203b-55c8-b796-8eb65ab5275e-user-account--5aaaa4e2-0974-5ab4-9069-41a16197f0ff"}, {"name": "from", "type": "embedded", "source": "email-message--a9579bb2-e221-5df3-92bd-d452bd9b6d23", "target": "email-addr--b8048a91-def8-5ef7-8cd3-a7b3db9278e5", "id": "email-message--a9579bb2-e221-5df3-92bd-d452bd9b6d23-email-addr--b8048a91-def8-5ef7-8cd3-a7b3db9278e5"}, {"name": "to", "type": "embedded", "source": "email-message--a9579bb2-e221-5df3-92bd-d452bd9b6d23", "target": "email-addr--a7155ffe-8ea7-563a-a54c-e94e23ec50c8", "id": "email-message--a9579bb2-e221-5df3-92bd-d452bd9b6d23-email-addr--a7155ffe-8ea7-563a-a54c-e94e23ec50c8"}, {"name": "refers-to", "type": "embedded", "source": "observed-data--acd34b19-802e-4232-85f3-7567c4c13fdb", "target": "email-addr--a7155ffe-8ea7-563a-a54c-e94e23ec50c8", "id": "observed-data--acd34b19-802e-4232-85f3-7567c4c13fdb-email-addr--a7155ffe-8ea7-563a-a54c-e94e23ec50c8"}, {"name": "refers-to", "type": "embedded", "source": "observed-data--acd34b19-802e-4232-85f3-7567c4c13fdb", "target": "user-account--47df6d33-0005-5b45-9875-e7a609b12e9b", "id": "observed-data--acd34b19-802e-4232-85f3-7567c4c13fdb-user-account--47df6d33-0005-5b45-9875-e7a609b12e9b"}, {"name": "refers-to", "type": "embedded", "source": "observed-data--acd34b19-802e-4232-85f3-7567c4c13fdb", "target": "url--3279c7de-8f91-5c1a-99d9-d6546c6c41f7", "id": "observed-data--acd34b19-802e-4232-85f3-7567c4c13fdb-url--3279c7de-8f91-5c1a-99d9-d6546c6c41f7"}, {"name": "refers-to", "type": "embedded", "source": "observed-data--acd34b19-802e-4232-85f3-7567c4c13fdb", "target": "email-message--a9579bb2-e221-5df3-92bd-d452bd9b6d23", "id": "observed-data--acd34b19-802e-4232-85f3-7567c4c13fdb-email-message--a9579bb2-e221-5df3-92bd-d452bd9b6d23"}, {"name": "refers-to", "type": "embedded", "source": "observed-data--acd34b19-802e-4232-85f3-7567c4c13fdb", "target": "email-addr--b8048a91-def8-5ef7-8cd3-a7b3db9278e5", "id": "observed-data--acd34b19-802e-4232-85f3-7567c4c13fdb-email-addr--b8048a91-def8-5ef7-8cd3-a7b3db9278e5"}, {"name": "refers-to", "type": "embedded", "source": "observed-data--acd34b19-802e-4232-85f3-7567c4c13fdb", "target": "user-account--74f5352e-ea3f-526c-8430-1cbb9ccd3109", "id": "observed-data--acd34b19-802e-4232-85f3-7567c4c13fdb-user-account--74f5352e-ea3f-526c-8430-1cbb9ccd3109"}, {"name": "refers-to", "type": "embedded", "source": "observed-data--acd34b19-802e-4232-85f3-7567c4c13fdb", "target": "email-addr--30d9a416-203b-55c8-b796-8eb65ab5275e", "id": "observed-data--acd34b19-802e-4232-85f3-7567c4c13fdb-email-addr--30d9a416-203b-55c8-b796-8eb65ab5275e"}, {"name": "refers-to", "type": "embedded", "source": "observed-data--acd34b19-802e-4232-85f3-7567c4c13fdb", "target": "user-account--5aaaa4e2-0974-5ab4-9069-41a16197f0ff", "id": "observed-data--acd34b19-802e-4232-85f3-7567c4c13fdb-user-account--5aaaa4e2-0974-5ab4-9069-41a16197f0ff"}, {"stix-id": "sighting--fb0e16df-1a71-46dd-ac5c-0de5cdf5f959", "type": "sighting", "name": "Sighting of indicator", "source": "sighting--fb0e16df-1a71-46dd-ac5c-0de5cdf5f959", "target": "indicator--4c56e332-5646-4b5b-9149-e352dd6c8eac", "id": "sighting--fb0e16df-1a71-46dd-ac5c-0de5cdf5f959-indicator--4c56e332-5646-4b5b-9149-e352dd6c8eac"}, {"stix-id": "sighting--fb0e16df-1a71-46dd-ac5c-0de5cdf5f959", "type": "sighting", "name": "Observed Data", "source": "sighting--fb0e16df-1a71-46dd-ac5c-0de5cdf5f959", "target": "observed-data--acd34b19-802e-4232-85f3-7567c4c13fdb", "id": "sighting--fb0e16df-1a71-46dd-ac5c-0de5cdf5f959-observed-data--acd34b19-802e-4232-85f3-7567c4c13fdb"}]