[{"id": "incident--46c77d5f-6a1b-4b6f-83d3-8de4ffcdbcc1", "type": "incident", "original": {"type": "incident", "spec_version": "2.1", "id": "incident--46c77d5f-6a1b-4b6f-83d3-8de4ffcdbcc1", "created": "2025-02-11T00:54:21.18Z", "modified": "2025-02-11T00:54:21.18Z", "name": "potential phishing", "extensions": {"extension-definition--ef765651-680c-498d-9894-99799f2fa126": {"extension_type": "property-extension", "investigation_status": "new", "incident_types": ["dissemination-phishing-emails"]}}}, "icon": "incident-ext", "name": "Incident Extension", "heading": "Incident Extension", "description": "", "object_form": "incident", "object_group": "sdo-forms", "object_family": "stix-forms"}]