[{"id": "relationship--f10343d4-3949-4799-96e0-405b85978be6", "original": {"type": "relationship", "spec_version": "2.1", "id": "relationship--f10343d4-3949-4799-96e0-405b85978be6", "created": "2025-02-11T00:54:21.372Z", "modified": "2025-02-11T00:54:21.372Z", "relationship_type": "derived-from", "source_ref": "email-message--6090e3d4-1fa8-5b36-9d2d-4a66d824995d", "target_ref": "url--3279c7de-8f91-5c1a-99d9-d6546c6c41f7"}, "name": "Derived-From", "heading": "Derived-From - SRO", "description": "<br>Result -> Email-Message<br>Raw-Material -> Url", "type": "relationship", "icon": "relationship", "object_form": "relationship", "object_group": "sro-forms", "object_family": "stix-forms"}, {"id": "relationship--fcaa97aa-4738-4879-919f-75fc7fd47c69", "original": {"type": "relationship", "spec_version": "2.1", "id": "relationship--fcaa97aa-4738-4879-919f-75fc7fd47c69", "created": "2025-02-11T00:56:09.77351Z", "modified": "2025-02-11T00:56:09.77351Z", "relationship_type": "duplicate-of", "source_ref": "email-addr--a7155ffe-8ea7-563a-a54c-e94e23ec50c8", "target_ref": "email-addr--b8048a91-def8-5ef7-8cd3-a7b3db9278e5"}, "name": "Duplicate-Of", "heading": "Duplicate-Of - SRO", "description": "<br>Original -> Email-Addr<br>Duplicate -> Email-Addr", "type": "relationship", "icon": "relationship", "object_form": "relationship", "object_group": "sro-forms", "object_family": "stix-forms"}, {"id": "relationship--ffaaf40f-fa12-4f58-806b-4b37d91d1720", "original": {"type": "relationship", "spec_version": "2.1", "id": "relationship--ffaaf40f-fa12-4f58-806b-4b37d91d1720", "created": "2025-02-11T00:56:09.78053Z", "modified": "2025-02-11T00:56:09.78053Z", "relationship_type": "duplicate-of", "source_ref": "email-addr--a7155ffe-8ea7-563a-a54c-e94e23ec50c8", "target_ref": "email-addr--30d9a416-203b-55c8-b796-8eb65ab5275e"}, "name": "Duplicate-Of", "heading": "Duplicate-Of - SRO", "description": "<br>Original -> Email-Addr<br>Duplicate -> Email-Addr", "type": "relationship", "icon": "relationship", "object_form": "relationship", "object_group": "sro-forms", "object_family": "stix-forms"}, {"id": "relationship--f3763b44-c5b8-478a-b7b2-e9492a4e73d8", "original": {"type": "relationship", "spec_version": "2.1", "id": "relationship--f3763b44-c5b8-478a-b7b2-e9492a4e73d8", "created": "2025-02-11T00:56:09.816367Z", "modified": "2025-02-11T00:56:09.816367Z", "relationship_type": "derived-from", "source_ref": "email-message--a9579bb2-e221-5df3-92bd-d452bd9b6d23", "target_ref": "url--3279c7de-8f91-5c1a-99d9-d6546c6c41f7"}, "name": "Derived-From", "heading": "Derived-From - SRO", "description": "<br>Result -> Email-Message<br>Raw-Material -> Url", "type": "relationship", "icon": "relationship", "object_form": "relationship", "object_group": "sro-forms", "object_family": "stix-forms"}]