[{"id": "email-addr--eb38d07e-6ba8-56c1-b107-d4db4aacf212", "type": "email-addr", "original": {"type": "email-addr", "spec_version": "2.1", "id": "email-addr--eb38d07e-6ba8-56c1-b107-d4db4aacf212", "value": "evil@northkorea.nk", "display_name": "Bad Man"}, "icon": "email-addr", "name": "Email Address", "heading": "Email Address -> Bad Man", "description": "<br>Value -> evil@northkorea.nk"}, {"id": "email-addr--4722424c-7012-56b0-84d5-01d076fc547b", "type": "email-addr", "original": {"type": "email-addr", "spec_version": "2.1", "id": "email-addr--4722424c-7012-56b0-84d5-01d076fc547b", "value": "naive@example.com", "display_name": "Naive Smith", "belongs_to_ref": "user-account--597ad4d4-35ba-585d-8f6d-134a75032f9b"}, "icon": "email-addr", "name": "Email Address", "heading": "Email Address -> Naive Smith", "description": "<br>Value -> naive@example.com"}, {"id": "user-account--597ad4d4-35ba-585d-8f6d-134a75032f9b", "type": "user-account", "original": {"type": "user-account", "spec_version": "2.1", "id": "user-account--597ad4d4-35ba-585d-8f6d-134a75032f9b", "user_id": "79563902", "account_login": "nsmith", "account_type": "sales,", "display_name": "Naive Smith"}, "icon": "user-account", "name": "User Account", "heading": "User Account", "description": "<br>Display Name -> Naive Smith<br>Account Type -> sales,, User ID -> 79563902<br>Login String ->nsmith"}, {"id": "identity--d6d2d683-eb10-4eec-b5f6-13e631bae308", "type": "identity", "original": {"type": "identity", "spec_version": "2.1", "id": "identity--d6d2d683-eb10-4eec-b5f6-13e631bae308", "created": "2025-02-11T00:49:43.47Z", "modified": "2025-02-11T00:49:43.47Z", "name": "Naive Smith", "description": "A Naive Individual", "roles": ["user", "sales"], "identity_class": "individual", "sectors": ["technology"], "extensions": {"extension-definition--66e2492a-bbd3-4be6-88f5-cc91a017a498": {"extension_type": "property-extension", "contact_numbers": [{"contact_number_type": "work-phone", "contact_number": "0499-999-109"}], "email_addresses": [{"digital_contact_type": "work", "email_address_ref": "email-addr--4722424c-7012-56b0-84d5-01d076fc547b"}], "first_name": "Naive", "last_name": "Smith", "middle_name": "Weakling", "prefix": "Mr", "social_media_accounts": [{"digital_contact_type": "work", "user_account_ref": "user-account--597ad4d4-35ba-585d-8f6d-134a75032f9b"}], "team": "Sales"}}}, "icon": "identity-contact", "name": "Individual", "heading": "Individual - Naive Smith", "description": "<br>A Naive Individual"}, {"id": "identity--008a8e27-cfe0-4e5d-915b-d7ac71db6941", "type": "identity", "original": {"type": "identity", "spec_version": "2.1", "id": "identity--008a8e27-cfe0-4e5d-915b-d7ac71db6941", "created": "2025-02-11T00:49:42.850Z", "modified": "2025-02-11T00:49:42.850Z", "name": "Trusty Jones", "description": "A Trusty Individual", "roles": ["soc", "support"], "identity_class": "individual", "sectors": ["technology"], "extensions": {"extension-definition--66e2492a-bbd3-4be6-88f5-cc91a017a498": {"extension_type": "property-extension", "contact_numbers": [{"contact_number_type": "work-phone", "contact_number": "0418-208-368"}], "email_addresses": [{"digital_contact_type": "work", "email_address_ref": "email-addr--c99b87bd-f0a8-50ca-9f84-68072efc61e3"}], "first_name": "Me", "last_name": "Jones", "middle_name": "Percival", "prefix": "Dr", "social_media_accounts": [{"digital_contact_type": "work", "user_account_ref": "user-account--83658594-537d-5c32-b9f0-137354bd9bc3"}], "team": "All_Stars"}}}, "icon": "identity-contact", "name": "Individual", "heading": "Individual - Trusty Jones", "description": "<br>A Trusty Individual"}, {"id": "url--3279c7de-8f91-5c1a-99d9-d6546c6c41f7", "type": "url", "original": {"type": "url", "spec_version": "2.1", "id": "url--3279c7de-8f91-5c1a-99d9-d6546c6c41f7", "value": "https://www.northkorea.nk/we/are/mad/"}, "icon": "url", "name": "URL", "heading": "URL", "description": "<br>Value -> https://www.northkorea.nk/we/are/mad/"}, {"id": "email-message--6090e3d4-1fa8-5b36-9d2d-4a66d824995d", "type": "email-message", "original": {"type": "email-message", "spec_version": "2.1", "id": "email-message--6090e3d4-1fa8-5b36-9d2d-4a66d824995d", "is_multipart": false, "date": "2020-10-19T01:01:01Z", "from_ref": "email-addr--eb38d07e-6ba8-56c1-b107-d4db4aacf212", "to_refs": ["email-addr--4722424c-7012-56b0-84d5-01d076fc547b"], "subject": "we are coming for you", "body": "some bad stuff written here"}, "icon": "email-message", "name": "Email Message", "heading": "Email Message", "description": "<br>Subject -> we are coming for you, Date -> 2020-10-19T01:01:01Z<br>Body -> some bad stuff written here"}, {"id": "observed-data--3e1ca4b8-c7b9-43c4-a67b-a150220d180a", "type": "observed-data", "original": {"type": "observed-data", "spec_version": "2.1", "id": "observed-data--3e1ca4b8-c7b9-43c4-a67b-a150220d180a", "created": "2025-02-11T00:54:21.403Z", "modified": "2025-02-11T00:54:21.403Z", "first_observed": "2020-10-19T01:01:01Z", "last_observed": "2020-10-19T01:01:01Z", "number_observed": 1, "object_refs": ["email-addr--eb38d07e-6ba8-56c1-b107-d4db4aacf212", "user-account--597ad4d4-35ba-585d-8f6d-134a75032f9b", "email-addr--4722424c-7012-56b0-84d5-01d076fc547b", "url--3279c7de-8f91-5c1a-99d9-d6546c6c41f7", "email-message--6090e3d4-1fa8-5b36-9d2d-4a66d824995d", "relationship--f10343d4-3949-4799-96e0-405b85978be6"]}, "icon": "observed-data", "name": "Observed Data", "heading": "Observed Data", "description": "<br>First Observed -> 2020-10-19T01:01:01Z, Last Observed -> 2020-10-19T01:01:01Z"}, {"id": "indicator--a9b1540c-aaa6-4d22-910e-33b4afcfbbcd", "type": "indicator", "original": {"type": "indicator", "spec_version": "2.1", "id": "indicator--a9b1540c-aaa6-4d22-910e-33b4afcfbbcd", "created": "2025-02-11T00:54:21.450Z", "modified": "2025-02-11T00:54:21.450Z", "name": "Potential Phishing Email", "description": "Suspicious email reported by user", "indicator_types": ["unknown"], "pattern": "[email-addr:value = 'evil@northkorea.nk' AND email:subject = 'we are coming for you']", "pattern_type": "stix", "pattern_version": "2.1", "valid_from": "2025-02-11T00:54:21.45Z"}, "icon": "indicator", "name": "Indicator", "heading": "Indicator - Potential Phishing Email", "description": "<br>Suspicious email reported by user<br>Pattern Type -> stixIndicator Types -> ['unknown']<br>Pattern -> [email-addr:value = 'evil@northkorea.nk' AND email:subject = 'we are coming for you']"}, {"id": "sighting--0d820d9a-9279-4afa-9d3c-320a428fb796", "type": "sighting", "original": {"type": "sighting", "spec_version": "2.1", "id": "sighting--0d820d9a-9279-4afa-9d3c-320a428fb796", "created": "2025-02-11T00:54:21.498Z", "modified": "2025-02-11T00:54:21.498Z", "count": 1, "sighting_of_ref": "indicator--a9b1540c-aaa6-4d22-910e-33b4afcfbbcd", "observed_data_refs": ["observed-data--3e1ca4b8-c7b9-43c4-a67b-a150220d180a"], "where_sighted_refs": ["identity--d6d2d683-eb10-4eec-b5f6-13e631bae308"], "extensions": {"sighting-alert": {"name": "user-report", "log": "I have found a suspicious email", "system_id": "XYZ-1234", "source": "user submission"}, "extension-definition--0d76d6d9-16ca-43fd-bd41-4f800ba8fc43": {"extension_type": "property-extension"}}}, "icon": "sighting-alert", "name": "Sighting-Alert", "heading": "Sighting-Alert", "description": "Sighting of indicator<br>Where Sighted -> identity"}, {"id": "relationship--f10343d4-3949-4799-96e0-405b85978be6", "original": {"type": "relationship", "spec_version": "2.1", "id": "relationship--f10343d4-3949-4799-96e0-405b85978be6", "created": "2025-02-11T00:54:21.372Z", "modified": "2025-02-11T00:54:21.372Z", "relationship_type": "derived-from", "source_ref": "email-message--6090e3d4-1fa8-5b36-9d2d-4a66d824995d", "target_ref": "url--3279c7de-8f91-5c1a-99d9-d6546c6c41f7"}, "name": "Derived-From", "heading": "Derived-From - SRO", "description": "<br>Result -> Email-Message<br>Raw-Material -> Url", "type": "relationship", "icon": "relationship"}, {"id": "identity--cfaba29d-fa38-45d9-98e6-ebb9feb3c22c", "type": "identity", "original": {"type": "identity", "spec_version": "2.1", "id": "identity--cfaba29d-fa38-45d9-98e6-ebb9feb3c22c", "created": "2025-02-11T00:49:43.915Z", "modified": "2025-02-11T00:49:43.915Z", "name": "HP Laptop 1", "description": "Usr 1's Laptop", "roles": ["laptop"], "identity_class": "asset", "sectors": ["technology"], "external_references": [{"source_name": "HP Ultima 10", "description": "16GB RAM, 1TB SD, Microsoft Windows 11 Professional", "url": "https://mail.echange.microsoft.com", "external_id": "Asset--629456a"}]}, "icon": "identity-asset", "name": "Hardware Asset", "heading": "Hardware Asset - HP Laptop 1", "description": "<br>Usr 1's Laptop<br>HP Ultima 10<br>16GB RAM, 1TB SD, Microsoft Windows 11 Professional", "object_form": "identity", "object_group": "sdo-forms", "object_family": "stix-forms"}, {"id": "anecdote--e1298bc0-818e-5cdb-9154-eac37c8e260f", "type": "anecdote", "original": {"type": "anecdote", "spec_version": "2.1", "id": "anecdote--e1298bc0-818e-5cdb-9154-eac37c8e260f", "value": "I clicked on the link, and my laptop screen went weird", "report_date": "2025-02-11T00:55:49.161531Z", "provided_by_ref": "identity--d6d2d683-eb10-4eec-b5f6-13e631bae308"}, "icon": "anecdote", "name": "Anecdote", "heading": "Anecdote -> 2025-02-11T00:55:49.161531Z", "description": "/Statement -> I clicked on the link, and my laptop screen went weird"}, {"id": "observed-data--c5d9bead-6c9a-4d28-965c-098f63467476", "type": "observed-data", "original": {"type": "observed-data", "spec_version": "2.1", "id": "observed-data--c5d9bead-6c9a-4d28-965c-098f63467476", "created": "2025-02-11T00:55:49.193Z", "modified": "2025-02-11T00:55:49.193Z", "first_observed": "2020-10-19T01:01:01Z", "last_observed": "2020-10-19T01:01:01Z", "number_observed": 1, "object_refs": ["anecdote--e1298bc0-818e-5cdb-9154-eac37c8e260f"]}, "icon": "observed-data", "name": "Observed Data", "heading": "Observed Data", "description": "<br>First Observed -> 2020-10-19T01:01:01Z, Last Observed -> 2020-10-19T01:01:01Z"}, {"id": "sighting--79699c08-e28b-44f1-afc5-dd4ea69291a4", "type": "sighting", "original": {"type": "sighting", "spec_version": "2.1", "id": "sighting--79699c08-e28b-44f1-afc5-dd4ea69291a4", "created": "2025-02-11T00:55:49.243Z", "modified": "2025-02-11T00:55:49.243Z", "count": 1, "sighting_of_ref": "identity--d6d2d683-eb10-4eec-b5f6-13e631bae308", "observed_data_refs": ["observed-data--c5d9bead-6c9a-4d28-965c-098f63467476"], "where_sighted_refs": ["identity--008a8e27-cfe0-4e5d-915b-d7ac71db6941"], "extensions": {"sighting-anecdote": {"person_name": "user-report", "person_context": "employee", "report_submission": "interview"}, "extension-definition--0d76d6d9-16ca-43fd-bd41-4f800ba8fc43": {"extension_type": "property-extension"}}}, "icon": "sighting-anecdote", "name": "Sighting-Anecdote", "heading": "Sighting-Anecdote", "description": "Sighting of identity<br>Where Sighted -> identity"}]