[{"stix-id": "relationship--f10343d4-3949-4799-96e0-405b85978be6", "type": "relationship", "name": "derived-from", "source": "email-message--6090e3d4-1fa8-5b36-9d2d-4a66d824995d", "target": "url--3279c7de-8f91-5c1a-99d9-d6546c6c41f7", "id": "email-message--6090e3d4-1fa8-5b36-9d2d-4a66d824995d-url--3279c7de-8f91-5c1a-99d9-d6546c6c41f7"}, {"stix-id": "relationship--fcaa97aa-4738-4879-919f-75fc7fd47c69", "type": "relationship", "name": "duplicate-of", "source": "email-addr--a7155ffe-8ea7-563a-a54c-e94e23ec50c8", "target": "email-addr--b8048a91-def8-5ef7-8cd3-a7b3db9278e5", "id": "email-addr--a7155ffe-8ea7-563a-a54c-e94e23ec50c8-email-addr--b8048a91-def8-5ef7-8cd3-a7b3db9278e5"}, {"stix-id": "relationship--ffaaf40f-fa12-4f58-806b-4b37d91d1720", "type": "relationship", "name": "duplicate-of", "source": "email-addr--a7155ffe-8ea7-563a-a54c-e94e23ec50c8", "target": "email-addr--30d9a416-203b-55c8-b796-8eb65ab5275e", "id": "email-addr--a7155ffe-8ea7-563a-a54c-e94e23ec50c8-email-addr--30d9a416-203b-55c8-b796-8eb65ab5275e"}, {"stix-id": "relationship--f3763b44-c5b8-478a-b7b2-e9492a4e73d8", "type": "relationship", "name": "derived-from", "source": "email-message--a9579bb2-e221-5df3-92bd-d452bd9b6d23", "target": "url--3279c7de-8f91-5c1a-99d9-d6546c6c41f7", "id": "email-message--a9579bb2-e221-5df3-92bd-d452bd9b6d23-url--3279c7de-8f91-5c1a-99d9-d6546c6c41f7"}]