[{"id": "sequence--224f92a4-029b-44bc-9998-04231f7bea1b", "type": "sequence", "original": {"type": "sequence", "spec_version": "2.1", "id": "sequence--224f92a4-029b-44bc-9998-04231f7bea1b", "created": "2025-02-11T00:54:21.877Z", "modified": "2025-02-11T00:54:21.877Z", "sequenced_object": "event--14852245-1329-4b44-b285-5ea68eabad71", "sequence_type": "event", "step_type": "single_step", "extensions": {"extension-definition--be0c7c79-1961-43db-afde-637066a87a64": {"extension_type": "new-sdo"}}}, "icon": "step-single", "name": "Single Step", "heading": "Single Step for Event", "description": "", "object_form": "sequence", "object_group": "sdo-forms", "object_family": "extension-forms"}, {"id": "sequence--68cfdab3-c03d-4b01-86d2-6a3082c8e17d", "type": "sequence", "original": {"type": "sequence", "spec_version": "2.1", "id": "sequence--68cfdab3-c03d-4b01-86d2-6a3082c8e17d", "created": "2025-02-11T00:54:22.106Z", "modified": "2025-02-11T00:54:22.106Z", "sequenced_object": "task--16fae1e6-efc2-412e-bc57-ff4c6dbd64ee", "sequence_type": "task", "step_type": "single_step", "extensions": {"extension-definition--be0c7c79-1961-43db-afde-637066a87a64": {"extension_type": "new-sdo"}}}, "icon": "step-single", "name": "Single Step", "heading": "Single Step for Task", "description": "", "object_form": "sequence", "object_group": "sdo-forms", "object_family": "extension-forms"}, {"id": "sequence--411be6b9-89aa-4cd3-b21a-75166bb7da70", "type": "sequence", "original": {"type": "sequence", "spec_version": "2.1", "id": "sequence--411be6b9-89aa-4cd3-b21a-75166bb7da70", "created": "2025-02-11T00:55:49.658Z", "modified": "2025-02-11T00:55:49.658Z", "sequenced_object": "task--8e56a39c-6c6a-4700-9c42-ca4fcc68aa2e", "sequence_type": "task", "step_type": "single_step", "extensions": {"extension-definition--be0c7c79-1961-43db-afde-637066a87a64": {"extension_type": "new-sdo"}}}, "icon": "step-single", "name": "Single Step", "heading": "Single Step for Task", "description": "", "object_form": "sequence", "object_group": "sdo-forms", "object_family": "extension-forms"}]