[{"id": "sequence--9e46efef-bf7c-40d1-b2f2-b17ad41475c4", "type": "sequence", "original": {"type": "sequence", "spec_version": "2.1", "id": "sequence--9e46efef-bf7c-40d1-b2f2-b17ad41475c4", "created": "2025-02-11T00:54:21.981Z", "modified": "2025-02-11T00:54:21.981Z", "sequence_type": "event", "step_type": "start_step", "on_completion": "sequence--224f92a4-029b-44bc-9998-04231f7bea1b", "extensions": {"extension-definition--be0c7c79-1961-43db-afde-637066a87a64": {"extension_type": "new-sdo"}}}, "icon": "step-terminal", "name": "Start Step", "heading": "Start Step for Event", "description": "", "object_form": "sequence", "object_group": "sdo-forms", "object_family": "extension-forms"}, {"id": "sequence--ad14ebca-5227-4a5d-9d80-d15452ff953b", "type": "sequence", "original": {"type": "sequence", "spec_version": "2.1", "id": "sequence--ad14ebca-5227-4a5d-9d80-d15452ff953b", "created": "2025-02-11T00:54:22.186Z", "modified": "2025-02-11T00:54:22.186Z", "sequence_type": "task", "step_type": "start_step", "on_completion": "sequence--68cfdab3-c03d-4b01-86d2-6a3082c8e17d", "extensions": {"extension-definition--be0c7c79-1961-43db-afde-637066a87a64": {"extension_type": "new-sdo"}}}, "icon": "step-terminal", "name": "Start Step", "heading": "Start Step for Task", "description": "", "object_form": "sequence", "object_group": "sdo-forms", "object_family": "extension-forms"}]