[{"id": "task--16fae1e6-efc2-412e-bc57-ff4c6dbd64ee", "type": "task", "original": {"type": "task", "spec_version": "2.1", "id": "task--16fae1e6-efc2-412e-bc57-ff4c6dbd64ee", "created": "2025-02-11T00:54:22.54Z", "modified": "2025-02-11T00:54:22.54Z", "description": "Suspicious email reported by user", "end_time": "2025-02-11T00:54:22.54Z", "name": "Potential Phishing Email", "start_time": "2025-02-11T00:54:22.54Z", "extensions": {"extension-definition--2074a052-8be4-4932-849e-f5e7798e0030": {"extension_type": "new-sdo"}}}, "icon": "task", "name": "Task", "heading": "Task -> Potential Phishing Email", "description": "<br>Suspicious email reported by user", "object_form": "task", "object_group": "sdo-forms", "object_family": "extension-forms"}, {"id": "task--8e56a39c-6c6a-4700-9c42-ca4fcc68aa2e", "type": "task", "original": {"type": "task", "spec_version": "2.1", "id": "task--8e56a39c-6c6a-4700-9c42-ca4fcc68aa2e", "created": "2025-02-11T00:55:49.597Z", "modified": "2025-02-11T00:55:49.597Z", "description": "Find out who else got the email", "end_time": "2025-02-11T00:55:49.597Z", "name": "Query Exchange Server", "start_time": "2025-02-11T00:55:49.597Z", "extensions": {"extension-definition--2074a052-8be4-4932-849e-f5e7798e0030": {"extension_type": "new-sdo"}}}, "icon": "task", "name": "Task", "heading": "Task -> Query Exchange Server", "description": "<br>Find out who else got the email", "object_form": "task", "object_group": "sdo-forms", "object_family": "extension-forms"}]