[{"id": "software--3974613c-1980-5209-8f08-17920a04da04", "type": "software", "original": {"type": "software", "spec_version": "2.1", "id": "software--3974613c-1980-5209-8f08-17920a04da04", "name": "evil.exe"}, "icon": "software", "name": "Software", "heading": "Software -> evil.exe", "description": "", "object_form": "software", "object_group": "sco-forms", "object_family": "stix-forms"}, {"id": "file--e7c7ddeb-d693-53e7-bcd8-f40951888120", "type": "file", "original": {"type": "file", "spec_version": "2.1", "id": "file--e7c7ddeb-d693-53e7-bcd8-f40951888120", "hashes": {"SHA-256": "fe90a7e910cb3a4739bed9180e807e93fa70c90f25a8915476f5e4bfbac681db"}, "name": "evil.exe"}, "icon": "file", "name": "File", "heading": "File -> evil.exe", "description": "<br>Hashes -> <br>  - SHA-256 -> fe90a7e910cb3a4739bed9180e807e93fa70c90f25a8915476f5e4bfbac681db", "object_form": "file", "object_group": "sco-forms", "object_family": "stix-forms"}, {"id": "process--23349848-b972-45b7-b959-383e5a27ec40", "type": "process", "original": {"type": "process", "spec_version": "2.1", "id": "process--23349848-b972-45b7-b959-383e5a27ec40", "pid": 1221, "created_time": "2023-01-20T14:11:25.55Z", "command_line": "./gedit-bin --destroy-alll", "image_ref": "file--e7c7ddeb-d693-53e7-bcd8-f40951888120"}, "icon": "process", "name": "Process", "heading": "Process", "description": "Process ID -> 1221, Command Line -> ./gedit-bin --destroy-alll", "object_form": "process", "object_group": "sco-forms", "object_family": "stix-forms"}, {"id": "user-account--47df6d33-0005-5b45-9875-e7a609b12e9b", "type": "user-account", "original": {"type": "user-account", "spec_version": "2.1", "id": "user-account--47df6d33-0005-5b45-9875-e7a609b12e9b", "account_login": "sthor", "account_type": "unix", "display_name": "silly thor"}, "icon": "user-account", "name": "User Account", "heading": "User Account", "description": "<br>Display Name -> silly thor<br>Account Type -> unix<br>Login String ->sthor", "object_form": "user-account", "object_group": "sco-forms", "object_family": "stix-forms"}, {"id": "email-addr--a7155ffe-8ea7-563a-a54c-e94e23ec50c8", "type": "email-addr", "original": {"type": "email-addr", "spec_version": "2.1", "id": "email-addr--a7155ffe-8ea7-563a-a54c-e94e23ec50c8", "value": "silly@mycompany.com", "belongs_to_ref": "user-account--47df6d33-0005-5b45-9875-e7a609b12e9b"}, "icon": "email-addr", "name": "Email Address", "heading": "Email Address", "description": "<br>Value -> silly@mycompany.com", "object_form": "email-addr", "object_group": "sco-forms", "object_family": "stix-forms"}, {"id": "user-account--74f5352e-ea3f-526c-8430-1cbb9ccd3109", "type": "user-account", "original": {"type": "user-account", "spec_version": "2.1", "id": "user-account--74f5352e-ea3f-526c-8430-1cbb9ccd3109", "account_login": "sguy", "account_type": "unix", "display_name": "strange guy"}, "icon": "user-account", "name": "User Account", "heading": "User Account", "description": "<br>Display Name -> strange guy<br>Account Type -> unix<br>Login String ->sguy", "object_form": "user-account", "object_group": "sco-forms", "object_family": "stix-forms"}, {"id": "email-addr--b8048a91-def8-5ef7-8cd3-a7b3db9278e5", "type": "email-addr", "original": {"type": "email-addr", "spec_version": "2.1", "id": "email-addr--b8048a91-def8-5ef7-8cd3-a7b3db9278e5", "value": "strange@mycompany.com", "belongs_to_ref": "user-account--74f5352e-ea3f-526c-8430-1cbb9ccd3109"}, "icon": "email-addr", "name": "Email Address", "heading": "Email Address", "description": "<br>Value -> strange@mycompany.com", "object_form": "email-addr", "object_group": "sco-forms", "object_family": "stix-forms"}, {"id": "user-account--5aaaa4e2-0974-5ab4-9069-41a16197f0ff", "type": "user-account", "original": {"type": "user-account", "spec_version": "2.1", "id": "user-account--5aaaa4e2-0974-5ab4-9069-41a16197f0ff", "account_login": "dguy", "account_type": "unix", "display_name": "dumbo guy"}, "icon": "user-account", "name": "User Account", "heading": "User Account", "description": "<br>Display Name -> dumbo guy<br>Account Type -> unix<br>Login String ->dguy", "object_form": "user-account", "object_group": "sco-forms", "object_family": "stix-forms"}, {"id": "email-addr--30d9a416-203b-55c8-b796-8eb65ab5275e", "type": "email-addr", "original": {"type": "email-addr", "spec_version": "2.1", "id": "email-addr--30d9a416-203b-55c8-b796-8eb65ab5275e", "value": "dumbo@mycompany.com", "belongs_to_ref": "user-account--5aaaa4e2-0974-5ab4-9069-41a16197f0ff"}, "icon": "email-addr", "name": "Email Address", "heading": "Email Address", "description": "<br>Value -> dumbo@mycompany.com", "object_form": "email-addr", "object_group": "sco-forms", "object_family": "stix-forms"}, {"id": "email-message--a9579bb2-e221-5df3-92bd-d452bd9b6d23", "type": "email-message", "original": {"type": "email-message", "spec_version": "2.1", "id": "email-message--a9579bb2-e221-5df3-92bd-d452bd9b6d23", "is_multipart": false, "date": "2020-10-19T01:01:01Z", "from_ref": "email-addr--b8048a91-def8-5ef7-8cd3-a7b3db9278e5", "to_refs": ["email-addr--a7155ffe-8ea7-563a-a54c-e94e23ec50c8"], "subject": "we are coming for you"}, "icon": "email-message", "name": "Email Message", "heading": "Email Message", "description": "<br>Subject -> we are coming for you, Date -> 2020-10-19T01:01:01Z", "object_form": "email-message", "object_group": "sco-forms", "object_family": "stix-forms"}, {"id": "observed-data--acd34b19-802e-4232-85f3-7567c4c13fdb", "type": "observed-data", "original": {"type": "observed-data", "spec_version": "2.1", "id": "observed-data--acd34b19-802e-4232-85f3-7567c4c13fdb", "created": "2025-02-11T00:56:09.820825Z", "modified": "2025-02-11T00:56:09.820825Z", "first_observed": "2020-10-19T01:01:01Z", "last_observed": "2020-10-19T01:01:01Z", "number_observed": 1, "object_refs": ["email-addr--a7155ffe-8ea7-563a-a54c-e94e23ec50c8", "user-account--47df6d33-0005-5b45-9875-e7a609b12e9b", "url--3279c7de-8f91-5c1a-99d9-d6546c6c41f7", "relationship--f3763b44-c5b8-478a-b7b2-e9492a4e73d8", "email-message--a9579bb2-e221-5df3-92bd-d452bd9b6d23", "email-addr--b8048a91-def8-5ef7-8cd3-a7b3db9278e5", "user-account--74f5352e-ea3f-526c-8430-1cbb9ccd3109", "email-addr--30d9a416-203b-55c8-b796-8eb65ab5275e", "user-account--5aaaa4e2-0974-5ab4-9069-41a16197f0ff", "relationship--fcaa97aa-4738-4879-919f-75fc7fd47c69", "relationship--ffaaf40f-fa12-4f58-806b-4b37d91d1720"]}, "icon": "observed-data", "name": "Observed Data", "heading": "Observed Data", "description": "<br>First Observed -> 2020-10-19T01:01:01Z, Last Observed -> 2020-10-19T01:01:01Z", "object_form": "observed-data", "object_group": "sdo-forms", "object_family": "stix-forms"}, {"id": "identity--4f1e4b3b-2338-4d03-9a20-882f01db7404", "type": "identity", "original": {"type": "identity", "spec_version": "2.1", "id": "identity--4f1e4b3b-2338-4d03-9a20-882f01db7404", "created": "2025-02-11T00:56:09.834558Z", "modified": "2025-02-11T00:56:09.834558Z", "name": "Microsoft Exchange", "description": "Microsoft Exchange Server", "identity_class": "system"}, "icon": "identity-system", "name": "Software System", "heading": "Software System - Microsoft Exchange", "description": "<br>Microsoft Exchange Server<br><br>", "object_form": "identity", "object_group": "sdo-forms", "object_family": "stix-forms"}, {"id": "indicator--4c56e332-5646-4b5b-9149-e352dd6c8eac", "type": "indicator", "original": {"type": "indicator", "spec_version": "2.1", "id": "indicator--4c56e332-5646-4b5b-9149-e352dd6c8eac", "created": "2025-02-11T00:56:09.843576Z", "modified": "2025-02-11T00:56:09.843576Z", "name": "Suspicious Email", "indicator_types": ["unknown"], "pattern": "[email-addr:value = 'silly@mycompany.com' AND email:subject = 'we are coming for you']", "pattern_type": "stix", "pattern_version": "2.1", "valid_from": "2025-02-11T00:56:09.843576Z"}, "icon": "indicator", "name": "Indicator", "heading": "Indicator - Suspicious Email", "description": "<br>Pattern Type -> stixIndicator Types -> ['unknown']<br>Pattern -> [email-addr:value = 'silly@mycompany.com' AND email:subject = 'we are coming for you']", "object_form": "indicator", "object_group": "sdo-forms", "object_family": "stix-forms"}, {"id": "sighting--fb0e16df-1a71-46dd-ac5c-0de5cdf5f959", "type": "sighting", "original": {"type": "sighting", "spec_version": "2.1", "id": "sighting--fb0e16df-1a71-46dd-ac5c-0de5cdf5f959", "created": "2025-02-11T00:56:09.854838Z", "modified": "2025-02-11T00:56:09.854838Z", "sighting_of_ref": "indicator--4c56e332-5646-4b5b-9149-e352dd6c8eac", "observed_data_refs": ["observed-data--acd34b19-802e-4232-85f3-7567c4c13fdb"], "extensions": {"extension-definition--0d76d6d9-16ca-43fd-bd41-4f800ba8fc43": {"extension_type": "property-extension"}, "sighting-context": {"name": "Exchange", "description": "query from:silly@mycompany.com, subject:we are coming for you", "value": "[silly@mycompany.com, strange@mycompany.com, dumbo@mycompany.com]"}}}, "icon": "sighting-context", "name": "Sighting-Context", "heading": "Sighting-Context", "description": "Sighting of indicator<br>", "object_form": "sighting", "object_group": "sro-forms", "object_family": "stix-forms"}]