[{"id": "identity--ae5dae65-41fd-4ac4-aa8a-22415c55ce24", "type": "identity", "original": {"type": "identity", "spec_version": "2.1", "id": "identity--ae5dae65-41fd-4ac4-aa8a-22415c55ce24", "created": "2024-08-21T10:08:33.440Z", "modified": "2024-08-21T10:08:33.440Z", "name": "HP Laptop 1", "description": "Usr 1's Laptop", "roles": ["laptop"], "identity_class": "asset", "sectors": ["technology"], "external_references": [{"source_name": "HP Ultima 10", "description": "16GB RAM, 1TB SD, Microsoft Windows 11 Professional", "url": "https://mail.echange.microsoft.com", "external_id": "Asset--629456a"}]}, "icon": "identity-asset", "name": "Hardware Asset", "heading": "Hardware Asset - HP Laptop 1", "description": "<br>Usr 1's Laptop<br>HP Ultima 10<br>16GB RAM, 1TB SD, Microsoft Windows 11 Professional"}, {"id": "identity--8fdfaee4-1384-4011-9e47-5f9eb78d71d4", "type": "identity", "original": {"type": "identity", "spec_version": "2.1", "id": "identity--8fdfaee4-1384-4011-9e47-5f9eb78d71d4", "created": "2024-08-21T10:08:33.463Z", "modified": "2024-08-21T10:08:33.463Z", "name": "HP Laptop 2", "description": "Usr 2's Laptop", "roles": ["laptop"], "identity_class": "asset", "sectors": ["technology"], "external_references": [{"source_name": "HP Ultima 10", "description": "16GB RAM, 1TB SD, Microsoft Windows 11 Professional", "url": "https://mail.echange.microsoft.com", "external_id": "Asset--629457ca"}]}, "icon": "identity-asset", "name": "Hardware Asset", "heading": "Hardware Asset - HP Laptop 2", "description": "<br>Usr 2's Laptop<br>HP Ultima 10<br>16GB RAM, 1TB SD, Microsoft Windows 11 Professional"}, {"id": "identity--3210d8d0-0a14-40c3-ac7b-eff6038a1171", "type": "identity", "original": {"type": "identity", "spec_version": "2.1", "id": "identity--3210d8d0-0a14-40c3-ac7b-eff6038a1171", "created": "2024-08-21T10:08:33.486Z", "modified": "2024-08-21T10:08:33.486Z", "name": "Apple MacBook Pro", "description": "Usr 3's Laptop", "roles": ["laptop"], "identity_class": "asset", "sectors": ["technology"], "external_references": [{"source_name": "Apple MaxBook Pro", "description": "32GB RAM, 1TB SD, Microsoft Windows 11 Professional", "url": "https://our-assets.com", "external_id": "Asset--629457bb"}]}, "icon": "identity-asset", "name": "Hardware Asset", "heading": "Hardware Asset - Apple MacBook Pro", "description": "<br>Usr 3's Laptop<br>Apple MaxBook Pro<br>32GB RAM, 1TB SD, Microsoft Windows 11 Professional"}, {"id": "identity--62739e94-8739-45aa-8631-7b1f58d7fc12", "type": "identity", "original": {"type": "identity", "spec_version": "2.1", "id": "identity--62739e94-8739-45aa-8631-7b1f58d7fc12", "created": "2024-08-21T10:08:33.506Z", "modified": "2024-08-21T10:08:33.506Z", "name": "Dell Inspiron Pro", "description": "Usr 4's Laptop", "roles": ["laptop"], "identity_class": "asset", "sectors": ["technology"], "external_references": [{"source_name": "Dell Inspiron Pro", "description": "32GB RAM, 1TB SD, Microsoft Windows 11 Professional", "url": "https://our-assets.com", "external_id": "Asset--62945788"}]}, "icon": "identity-asset", "name": "Hardware Asset", "heading": "Hardware Asset - Dell Inspiron Pro", "description": "<br>Usr 4's Laptop<br>Dell Inspiron Pro<br>32GB RAM, 1TB SD, Microsoft Windows 11 Professional"}, {"id": "identity--ff934241-3caa-49cd-bc4c-13b3fa78ea39", "type": "identity", "original": {"type": "identity", "spec_version": "2.1", "id": "identity--ff934241-3caa-49cd-bc4c-13b3fa78ea39", "created": "2024-08-21T10:08:33.531Z", "modified": "2024-08-21T10:08:33.531Z", "name": "ZScaler Pro", "description": "Usr 5's Laptop", "roles": ["laptop"], "identity_class": "asset", "sectors": ["technology"], "external_references": [{"source_name": "ZScaler Pro", "description": "32GB RAM, 1TB SD, Microsoft Windows 11 Professional", "url": "https://our-assets.com", "external_id": "Asset--62945788"}]}, "icon": "identity-asset", "name": "Hardware Asset", "heading": "Hardware Asset - ZScaler Pro", "description": "<br>Usr 5's Laptop<br>ZScaler Pro<br>32GB RAM, 1TB SD, Microsoft Windows 11 Professional"}]