[{"id": "identity--4d7b937c-bb2e-4129-bb9d-4d6d5773eab5", "type": "identity", "original": {"type": "identity", "spec_version": "2.1", "id": "identity--4d7b937c-bb2e-4129-bb9d-4d6d5773eab5", "created": "2024-08-21T10:08:32.852Z", "modified": "2024-08-21T10:08:32.852Z", "name": "Example Company", "description": "An Example Organisation", "identity_class": "organization", "sectors": ["technology"]}, "icon": "identity-organization", "name": "Organization", "heading": "Organization - Example Company", "description": "<br>An Example Organisation"}]