[{"name": "belongs-to", "type": "embedded", "source": "email-addr--4722424c-7012-56b0-84d5-01d076fc547b", "target": "user-account--597ad4d4-35ba-585d-8f6d-134a75032f9b", "id": "email-addr--4722424c-7012-56b0-84d5-01d076fc547b-user-account--597ad4d4-35ba-585d-8f6d-134a75032f9b"}, {"name": "email address", "type": "embedded", "source": "identity--ea44a8db-cf67-4743-b193-6ce0ffe54fdb", "target": "email-addr--4722424c-7012-56b0-84d5-01d076fc547b", "id": "identity--ea44a8db-cf67-4743-b193-6ce0ffe54fdb-email-addr--4722424c-7012-56b0-84d5-01d076fc547b"}, {"name": "user account", "type": "embedded", "source": "identity--ea44a8db-cf67-4743-b193-6ce0ffe54fdb", "target": "user-account--597ad4d4-35ba-585d-8f6d-134a75032f9b", "id": "identity--ea44a8db-cf67-4743-b193-6ce0ffe54fdb-user-account--597ad4d4-35ba-585d-8f6d-134a75032f9b"}, {"name": "belongs-to", "type": "embedded", "source": "email-addr--b0708db8-71e9-50f9-950c-610fccd2c30b", "target": "user-account--5c0dcb9b-5784-5aaf-b393-d990a4d68dd3", "id": "email-addr--b0708db8-71e9-50f9-950c-610fccd2c30b-user-account--5c0dcb9b-5784-5aaf-b393-d990a4d68dd3"}, {"name": "email address", "type": "embedded", "source": "identity--b1771155-c792-49dd-b57f-7475305a29b4", "target": "email-addr--b0708db8-71e9-50f9-950c-610fccd2c30b", "id": "identity--b1771155-c792-49dd-b57f-7475305a29b4-email-addr--b0708db8-71e9-50f9-950c-610fccd2c30b"}, {"name": "user account", "type": "embedded", "source": "identity--b1771155-c792-49dd-b57f-7475305a29b4", "target": "user-account--5c0dcb9b-5784-5aaf-b393-d990a4d68dd3", "id": "identity--b1771155-c792-49dd-b57f-7475305a29b4-user-account--5c0dcb9b-5784-5aaf-b393-d990a4d68dd3"}, {"name": "belongs-to", "type": "embedded", "source": "email-addr--72fa6570-cce5-5be5-916d-452de0e1adb5", "target": "user-account--113460bd-67f7-5611-bbbb-158d5c45255e", "id": "email-addr--72fa6570-cce5-5be5-916d-452de0e1adb5-user-account--113460bd-67f7-5611-bbbb-158d5c45255e"}, {"name": "email address", "type": "embedded", "source": "identity--064b16ba-8030-4306-ad6a-eb18a485d75a", "target": "email-addr--72fa6570-cce5-5be5-916d-452de0e1adb5", "id": "identity--064b16ba-8030-4306-ad6a-eb18a485d75a-email-addr--72fa6570-cce5-5be5-916d-452de0e1adb5"}, {"name": "user account", "type": "embedded", "source": "identity--064b16ba-8030-4306-ad6a-eb18a485d75a", "target": "user-account--113460bd-67f7-5611-bbbb-158d5c45255e", "id": "identity--064b16ba-8030-4306-ad6a-eb18a485d75a-user-account--113460bd-67f7-5611-bbbb-158d5c45255e"}, {"name": "belongs-to", "type": "embedded", "source": "email-addr--b8048a91-def8-5ef7-8cd3-a7b3db9278e5", "target": "user-account--2b87df75-b95c-5808-bcc7-f6d23471b9b4", "id": "email-addr--b8048a91-def8-5ef7-8cd3-a7b3db9278e5-user-account--2b87df75-b95c-5808-bcc7-f6d23471b9b4"}, {"name": "email address", "type": "embedded", "source": "identity--51f4bcec-96c6-4689-8721-60e25edd7f3d", "target": "email-addr--b8048a91-def8-5ef7-8cd3-a7b3db9278e5", "id": "identity--51f4bcec-96c6-4689-8721-60e25edd7f3d-email-addr--b8048a91-def8-5ef7-8cd3-a7b3db9278e5"}, {"name": "user account", "type": "embedded", "source": "identity--51f4bcec-96c6-4689-8721-60e25edd7f3d", "target": "user-account--2b87df75-b95c-5808-bcc7-f6d23471b9b4", "id": "identity--51f4bcec-96c6-4689-8721-60e25edd7f3d-user-account--2b87df75-b95c-5808-bcc7-f6d23471b9b4"}, {"name": "belongs-to", "type": "embedded", "source": "email-addr--30d9a416-203b-55c8-b796-8eb65ab5275e", "target": "user-account--9a5926a5-b2e9-56c0-82fd-3c858bf14832", "id": "email-addr--30d9a416-203b-55c8-b796-8eb65ab5275e-user-account--9a5926a5-b2e9-56c0-82fd-3c858bf14832"}, {"name": "email address", "type": "embedded", "source": "identity--57e1a094-545c-4741-8bfa-235584a9eb10", "target": "email-addr--30d9a416-203b-55c8-b796-8eb65ab5275e", "id": "identity--57e1a094-545c-4741-8bfa-235584a9eb10-email-addr--30d9a416-203b-55c8-b796-8eb65ab5275e"}, {"name": "user account", "type": "embedded", "source": "identity--57e1a094-545c-4741-8bfa-235584a9eb10", "target": "user-account--9a5926a5-b2e9-56c0-82fd-3c858bf14832", "id": "identity--57e1a094-545c-4741-8bfa-235584a9eb10-user-account--9a5926a5-b2e9-56c0-82fd-3c858bf14832"}]