[{"id": "identity--60b99dba-4084-4f3c-9800-a075af801113", "type": "identity", "original": {"type": "identity", "spec_version": "2.1", "id": "identity--60b99dba-4084-4f3c-9800-a075af801113", "created": "2024-08-21T10:08:33.409Z", "modified": "2024-08-21T10:08:33.409Z", "name": "Microsoft Exchange", "description": "My Local Exchange Server", "roles": ["server"], "identity_class": "system", "sectors": ["technology"], "external_references": [{"source_name": "Exchange Server", "description": "our email server", "url": "https://mail.echange.microsoft.com", "external_id": "admin"}]}, "icon": "identity-system", "name": "Software System", "heading": "Software System - Microsoft Exchange", "description": "<br>My Local Exchange Server<br>Exchange Server<br>our email server"}]